F/C EXP;F/C IC;F/C LS/HS;F/C FSP;F/C FSV;F/C FT;F/C CD;F/C TRAIN;F/C RAW;F/C ST;F ST;SDRV SD;SDRV[14:9];SDRV[8:0];TTM;SPV XYV;SPV XYW;SPV SI;SPV SDX;SPV SDY ;CDD;STM;STATE RDY;STATE DRV;STATE FYV;STATE FXV;STATE FYW;STATE FXW;STATE FI;STATE ST;TEMP0;TEMP1;SUNX;SUNY;SUNX1;SUNY1;SUNX2;SUNY2;SUNVX;SUNVY;SUNI;ECC_ERR;CDS;RADDR;EADDR
0;0;0;0;0;0;0;0;0;0;0;0;0;0;64036;5;0;0;0;0;64154;3478450879;1;0;0;1;1;0;0;5;90;248;21881;59826;55207;32418;26111;45823;55679;35821;19669;21970;3371;19661;0
31;0;0;0;0;0;0;0;0;0;1;0;0;183;24371;7;3;3;11;11;48063;413446994;0;1;0;1;0;0;0;5;36;214;49191;48005;42686;12794;52025;15244;61361;15270;61319;63449;24813;1979;0
30;1;0;0;0;0;0;0;0;0;1;1;0;107;32738;0;3;3;15;5;50687;4051695807;1;1;1;1;0;0;0;7;254;47;65303;56203;22064;815;47827;22608;40083;30464;31187;16726;64748;38261;0
29;2;0;0;0;0;0;0;0;0;1;1;0;34;13174;1;2;2;6;15;21097;263632857;1;1;0;0;0;0;1;5;181;137;12264;38910;19452;42495;54015;59775;62655;64095;64815;65175;65355;65445;0
28;3;0;0;0;0;0;0;0;0;0;0;0;250;54015;7;3;2;4;15;65355;2144518121;0;1;1;0;0;1;1;4;151;249;42878;12755;2732;13952;63182;6991;10157;17509;25934;23136;2583;37483;0
27;4;0;0;0;0;0;0;0;0;1;1;0;136;17980;1;0;0;12;0;39433;3192173302;0;1;1;0;1;0;0;1;253;32;65406;32512;16352;8176;4088;2044;1022;33279;49407;57471;61503;63519;0
26;5;0;0;0;0;0;0;0;0;1;1;0;129;4088;6;3;3;3;0;61503;4228906503;1;1;1;1;1;1;0;3;255;129;32704;16352;8176;4088;2044;1022;33279;49407;57471;61503;63519;64527;0
25;6;0;0;0;0;0;0;0;0;1;0;0;192;2044;7;3;3;1;8;63519;470251110;1;0;0;1;0;0;1;5;228;174;56162;1297;36463;34875;34398;27375;24009;50633;9142;56842;30492;48400;0
24;7;0;0;0;0;0;0;0;0;1;0;0;139;6522;5;2;0;7;7;56435;2083670871;0;0;1;0;1;0;1;6;182;46;33773;12212;0;0;59392;439;0;0;0;0;0;49152;0
23;0;1;0;0;0;0;0;0;0;1;1;0;231;16142;3;0;3;15;12;7420;2269103007;1;0;0;0;0;1;1;7;240;231;63603;65241;32284;16142;40839;53229;26614;46075;55805;27902;46719;56127;0
21;2;1;0;0;0;0;0;0;0;1;1;0;217;53187;0;3;3;3;11;34623;4140822759;1;1;1;0;0;0;0;3;252;57;32284;16142;40839;53187;59361;29680;14840;7420;3710;56127;50079;57807;0
20;3;1;0;0;0;0;0;0;0;1;0;0;28;59361;0;3;3;9;3;50079;4041735603;1;1;1;1;0;0;0;1;126;28;16142;40839;53187;59361;29680;14840;7420;30334;0;0;0;0;0
19;4;1;0;0;0;0;0;0;0;0;0;0;39;0;3;1;0;0;0;0;2386558998;0;0;0;0;0;0;0;0;242;144;64315;44226;0;0;0;16472;2;65534;28284;11425;547;385;0
18;5;1;0;0;0;0;0;0;0;0;1;0;130;4949;7;2;2;7;0;12257;1671724248;1;0;1;1;1;1;0;7;103;248;4031;59327;60767;31791;11967;18308;49022;56511;62303;63471;64663;40519;0
17;6;1;0;0;0;0;0;0;0;1;1;0;251;59361;2;3;1;13;11;6078;3298497889;1;0;1;0;0;1;1;0;178;255;51839;65242;60894;38140;65305;65326;35788;18493;63739;65477;53145;63676;0
16;7;1;0;0;0;0;0;0;0;1;1;0;191;64635;2;0;3;11;7;56367;1368022302;1;1;1;0;0;0;0;3;159;35;12283;63477;3064;27359;39855;62365;48664;17100;51007;23944;8692;59847;0
15;0;0;1;0;0;0;0;0;0;1;1;1;61;38778;3;0;1;8;10;56319;3477910429;0;0;0;1;1;0;1;2;94;186;32484;64171;63485;58222;48181;24500;40946;57081;1953;62591;15052;27413;0
14;1;0;1;0;0;0;0;0;0;1;1;1;151;57820;6;3;1;3;9;47609;1330360310;1;1;1;0;1;1;1;5;124;25;63912;32574;49145;40911;7005;10725;6640;60593;61471;16139;61316;53706;0
13;2;0;1;0;0;0;0;0;0;1;1;1;254;30707;7;3;3;12;3;29747;1669482600;0;0;1;0;1;1;0;3;221;252;61183;63359;64447;64991;65263;65399;65467;65501;32750;49143;57339;61437;0
12;3;0;1;0;0;0;0;0;0;0;1;1;175;27266;1;2;3;12;3;38495;2212465821;1;1;0;1;1;0;1;7;42;40;13975;58744;46754;46170;25849;62759;27668;35703;54657;49373;53764;56728;0
11;4;0;1;0;0;0;0;0;0;0;0;1;186;47736;5;3;3;7;9;38876;3787208639;1;1;0;0;1;1;1;1;167;123;38159;16665;46236;24400;44397;35833;46813;52629;56893;2816;64839;58827;0
10;5;0;1;0;0;0;0;0;0;1;0;1;180;49074;7;3;3;3;0;19598;1039802110;1;0;1;1;1;1;0;7;199;191;58335;61935;63735;64635;65085;32542;49039;57287;61411;63473;31736;15868;0
9;6;0;1;0;0;0;0;0;0;0;1;1;223;65085;7;0;2;15;11;11808;364464572;1;1;1;0;1;0;0;0;33;54;2975;4129;1575;45669;65218;24431;42127;6342;61374;5992;207;18405;0
8;7;0;1;0;0;0;0;0;0;0;0;1;92;38683;6;2;0;6;9;13022;3111944440;0;1;1;1;0;0;1;3;45;181;32768;10007;63603;65145;32572;16286;40911;53223;59379;62457;31228;15614;0
7;0;1;1;0;0;0;0;0;0;1;1;1;207;32572;7;0;3;15;9;31228;2659176255;1;0;0;1;1;1;1;7;243;207;63975;64755;65145;32572;16286;40911;53223;59379;62457;31228;15614;40575;0
6;1;1;1;0;0;0;0;0;0;1;1;1;231;16286;7;2;3;15;12;15614;3477071775;1;1;0;0;1;1;1;7;30;231;44241;2224;48414;40967;64202;46306;61;0;0;0;0;0;0
4;3;1;1;0;0;0;0;0;0;1;1;1;47;32530;4;0;3;15;5;50684;2306852031;1;0;0;0;1;0;0;7;241;47;63639;64587;65477;32530;49033;24516;12258;38897;35832;9727;4862;61823;0
3;4;1;1;0;0;0;0;0;0;1;1;1;23;49033;4;3;3;15;2;58110;4173331551;1;1;1;1;1;0;0;7;248;151;64587;65477;32738;49033;24516;12258;38897;19448;9724;4862;35199;50367;0
2;5;1;1;0;0;0;0;0;0;1;1;1;75;24516;1;3;3;7;9;35199;4234149423;1;1;1;0;0;0;1;7;255;139;65061;32530;49033;24516;12258;38910;19448;9724;4862;35199;63679;57951;0
1;6;1;1;0;0;0;0;0;0;1;1;1;0;1421;0;0;0;0;0;0;0;0;0;0;0;0;0;0;0;0;0;0;11520;141;0;0;0;0;0;0;0;0;65520;0
0;7;1;1;0;0;0;0;0;0;0;0;1;130;63953;6;2;0;0;0;32003;397512660;1;1;1;1;0;1;1;3;244;182;32487;40550;30316;42975;42203;59839;60127;62319;64359;57211;40946;18172;0
31;7;1;1;0;0;0;0;0;0;1;0;1;71;50811;7;3;0;8;13;32689;3035658381;1;0;0;0;1;0;1;4;163;112;35466;32357;8078;57111;50007;16266;46406;1949;53324;32662;18417;59377;0
30;0;0;0;1;0;0;0;0;0;0;0;2;223;39521;7;3;2;6;4;38043;3464160063;1;1;0;1;1;0;1;1;208;220;24460;38564;56888;32663;19643;11061;63787;65229;32726;16363;47083;34303;0
29;1;0;0;1;0;0;0;0;0;0;0;2;46;28642;7;3;3;13;10;33327;2816877189;1;0;1;1;1;1;0;2;140;98;12189;15039;2014;28144;63743;28471;11693;65121;3918;46581;26228;30520;0
28;2;0;0;1;0;0;0;0;0;0;1;2;176;37031;7;1;3;7;9;28083;2415456378;0;1;1;0;0;0;1;3;94;1;17091;2634;63384;12830;37906;61750;46846;21373;14187;28648;56319;20991;0
27;3;0;0;1;0;0;0;0;0;0;1;2;157;48905;2;3;0;8;15;28642;2617232895;0;1;0;0;1;1;1;7;230;116;13227;37067;47236;48911;29705;44458;55686;51453;47623;54829;35931;61519;0
26;4;0;0;1;0;0;0;0;0;0;0;2;240;1662;2;0;3;5;3;63923;2957800480;0;1;0;1;0;0;1;3;183;194;8981;47362;34104;55630;9447;43509;34230;38217;20734;15488;49469;11168;0
25;5;0;0;1;0;0;0;0;0;1;1;2;91;16751;3;3;3;7;14;8166;4217896877;0;1;1;1;1;1;1;6;191;171;57317;28658;47097;23544;11772;5886;29567;53212;63680;31609;47335;43515;0
24;6;0;0;1;0;0;0;0;0;0;0;2;159;0;0;0;2;3;7;53286;1039710645;1;0;1;1;0;1;0;1;180;132;6893;5193;55076;56536;1396;30209;58496;7621;35319;26286;63195;18391;0
23;7;0;0;1;0;0;0;0;0;1;0;2;194;23830;4;3;3;13;6;59103;4256693979;1;1;1;1;1;1;0;5;127;246;34772;24270;55207;38292;7426;50421;4751;44411;48903;56724;62365;61406;0
22;0;1;0;1;0;0;0;0;0;1;1;2;82;62031;3;1;2;12;15;40905;669783030;1;0;1;0;0;1;1;3;196;253;25214;45375;55455;50255;44043;27380;49776;4;0;0;0;0;0
21;1;1;0;1;0;0;0;0;0;0;0;2;0;0;4;1;3;3;14;26622;3657264382;1;1;0;1;1;0;0;7;219;63;60831;63183;64359;64947;65241;32620;16310;40923;53229;26614;46075;55805;0
20;2;1;0;1;0;0;0;0;0;1;1;2;105;15323;0;2;0;12;1;10039;2921951000;0;0;0;0;1;0;1;1;106;237;6891;50014;59090;58163;36425;43134;44125;63576;29311;56927;41080;2452;0
19;3;1;0;1;0;0;0;0;0;1;0;2;237;58871;7;1;2;11;15;56127;4140825447;1;1;1;1;0;1;1;3;254;217;32620;16310;40923;53229;26614;46075;55805;27902;46719;56127;60831;63183;0
18;4;1;0;1;0;0;0;0;0;1;0;2;236;26622;7;3;3;9;13;0;0;0;0;0;0;0;0;0;0;0;0;0;0;0;0;0;0;0;0;0;0;0;0;0
17;5;1;0;1;0;0;0;0;0;0;0;2;0;0;4;3;1;14;6;20;6093165;0;0;0;0;0;0;1;4;0;25;15;5440;53631;51391;59103;60911;31731;50206;64855;31150;62602;62943;0
16;6;1;0;1;0;0;0;0;0;1;0;2;249;64719;1;1;0;9;4;10339;922746527;1;1;1;1;1;0;1;3;254;249;16334;49020;7147;65170;62742;61350;40013;5909;51199;54335;32543;32397;0
15;7;1;0;1;0;0;0;0;0;1;0;2;193;60606;2;2;1;10;5;31759;1875105791;0;1;0;1;1;1;0;1;79;230;11509;27247;39463;25579;48244;2039;58046;58847;65263;64843;56965;53058;0
14;0;0;1;1;0;0;0;0;0;0;1;3;156;36107;5;2;1;6;10;14362;1005633021;1;1;1;1;1;0;1;7;204;253;48447;59247;61479;17986;56570;23083;19360;39132;25775;32534;49147;57309;0
12;2;0;1;1;0;0;0;0;0;1;0;3;26;53207;2;1;0;12;13;10757;3905644504;0;0;0;0;1;1;1;6;239;63;719;13866;52566;44266;36955;44446;30324;6596;24866;56307;61428;5545;0
8;6;0;1;1;0;0;0;0;0;0;1;3;96;60927;7;3;1;11;15;64631;4263345934;1;1;1;1;1;1;1;7;223;195;28670;47103;56319;60927;63231;64383;64959;65247;65391;65463;65499;65517;0
7;7;0;1;1;0;0;0;0;0;0;0;3;239;3664;1;0;1;15;15;6154;3268855595;1;1;0;0;0;1;1;3;20;9;4331;24071;21354;40125;29226;41978;8356;33921;25887;29367;21879;58949;0
6;0;1;1;1;0;0;0;0;0;1;0;3;3;47734;4;3;3;13;5;58847;4185390267;1;1;1;1;1;0;0;5;127;46;49047;57291;61413;30706;48121;24060;12030;38783;52159;62943;64239;64887;0
5;1;1;1;1;0;0;0;0;0;1;1;3;215;48121;6;3;3;14;2;62191;4240178781;0;1;1;1;1;1;0;6;191;151;57291;61413;30706;48121;24060;12030;38783;52159;58847;62191;63863;64699;0
4;2;1;1;1;0;0;0;0;0;1;1;3;203;21674;7;3;3;3;12;11851;3606589989;0;0;0;0;0;0;0;0;0;0;0;0;0;0;0;0;0;0;0;0;64396;39014;0
3;3;1;1;1;0;0;0;0;0;1;1;3;183;49147;6;3;3;15;6;63231;4257218271;1;1;1;1;1;1;0;7;255;183;65499;65517;32758;48763;57341;28670;47103;56319;60915;63231;31612;15806;0
2;4;1;1;1;0;0;0;0;0;1;1;3;219;57149;7;0;3;7;11;15228;4088888557;1;1;1;1;1;0;0;3;223;61;28574;47055;56295;60915;63225;31612;15806;40671;53103;59319;65499;63981;0
1;5;1;1;1;0;0;0;0;0;0;0;3;254;63231;7;3;2;13;15;65499;2146877435;1;1;1;1;1;1;1;5;111;254;47103;56319;60927;63231;64383;64959;40671;65391;65463;65499;65517;32758;0
0;6;1;1;1;0;0;0;0;0;1;1;3;255;64383;7;1;3;14;15;65517;3220955133;0;0;1;1;1;1;1;6;183;255;56319;60927;63231;64383;64959;65247;65391;6071;0;0;0;0;0
31;6;1;1;1;0;0;0;0;0;0;0;3;135;0;0;0;0;0;0;50440;12517376;0;0;0;0;0;0;0;0;182;36;1;0;0;0;36864;34196;10086;32768;352;28284;11425;547;0
30;7;1;1;1;0;0;0;0;0;0;0;3;12;7;4;3;2;3;4;19942;147185551;1;0;1;1;1;1;1;3;247;229;48404;13400;24745;65110;65399;64782;29083;32343;49015;57275;61405;30702;0
29;0;0;0;0;1;0;0;0;0;1;1;4;20;20576;0;3;1;6;4;65211;3216793592;0;0;1;1;1;1;1;4;23;254;35839;50687;58111;61823;63679;64607;65071;65303;65419;65477;42594;16200;0
28;1;0;0;0;1;0;0;0;0;0;1;4;34;4746;0;2;0;4;2;7926;1699190908;1;1;0;1;0;1;0;4;127;186;57309;28643;56841;44853;12261;38909;19452;9727;37631;51583;58559;62047;0
27;2;0;0;0;1;0;0;0;0;1;1;4;37;12274;4;3;3;11;4;62655;4180671639;1;1;1;1;1;1;0;3;255;165;32658;49097;17284;19306;6642;15811;49875;50971;2475;54313;27969;24745;0
26;3;0;0;0;1;0;0;0;0;1;0;4;63;5671;0;0;0;0;0;53289;2641663904;0;0;1;0;0;1;0;6;24;251;55267;7164;40780;1016;33276;255;57471;61503;63519;64527;65031;64515;0
25;4;0;0;0;1;0;0;0;0;1;0;4;240;33276;7;3;1;0;14;65031;4286676928;0;1;1;1;1;1;1;0;31;240;4064;2044;1016;508;254;57471;61503;63519;64527;65031;65283;65025;0
24;5;0;0;0;1;0;0;0;0;0;0;4;248;49406;7;3;0;0;15;65283;2143305600;0;1;1;1;1;1;1;0;15;248;6328;23781;24347;45020;42022;1872;42421;11650;27570;17085;64520;37976;0
23;6;0;0;0;1;0;0;0;0;0;1;4;88;25361;2;1;1;8;7;11688;1569789419;1;0;0;0;0;0;0;2;162;199;64092;36656;62004;62148;2180;0;0;0;0;0;0;0;0
22;7;0;0;0;1;0;0;0;0;0;0;4;30;61101;7;3;3;10;15;49071;4025219061;0;1;1;0;1;1;1;2;61;253;24319;44927;55231;60383;62959;64247;64891;65213;32606;49071;57303;61419;0
21;0;1;0;0;1;0;0;0;0;1;0;4;254;62959;3;3;1;13;15;57303;4160060410;1;1;1;1;0;1;1;5;94;254;44927;55231;60383;62959;64247;65147;65341;32670;49071;57303;61419;63477;0
20;1;1;0;0;1;0;0;0;0;0;1;4;127;64247;5;3;2;14;15;61419;2080030205;0;1;1;1;1;0;1;6;175;127;55231;60383;62959;64759;64891;65213;32606;49071;57303;61419;63477;31740;0
19;2;1;0;0;1;0;0;0;0;0;1;4;191;64891;6;1;1;15;7;63481;1040080639;1;0;1;1;1;1;0;7;215;191;60383;62959;64759;64891;65213;32606;49071;57303;61419;63477;31738;48637;0
18;3;1;0;0;1;0;0;0;0;0;0;4;0;0;0;0;0;0;0;0;0;0;0;0;0;0;0;0;0;141;192;24584;15072;32768;41858;63872;46856;306;1114;26874;0;0;65535;0
17;4;1;0;0;1;0;0;0;0;0;0;4;5;63954;4;0;0;0;0;22011;377482228;1;1;0;0;1;1;0;4;39;251;41977;54776;57087;64631;65327;368;40898;20464;10232;13584;61966;2041;0
16;5;1;0;0;1;0;0;0;0;1;1;4;244;49103;4;2;3;15;2;32713;3355042813;0;1;0;0;0;1;1;6;184;255;56447;60991;18207;53052;10511;10912;29840;17366;44714;5331;31746;56941;0
15;6;1;0;0;1;0;0;0;0;1;1;4;103;15322;6;0;3;0;15;45050;3336568751;0;1;1;1;1;1;1;5;228;185;40611;60543;63039;64287;64911;65223;65379;65457;32728;16364;8182;36859;0
14;7;1;0;0;1;0;0;0;0;1;0;4;100;37381;3;3;2;4;11;15992;1932564282;0;1;1;1;1;1;1;4;50;57;45381;36646;18426;26609;63974;31896;42775;5623;54670;61527;49141;36342;0
13;0;0;1;0;1;0;0;0;0;1;0;5;73;57310;1;2;3;7;11;16201;3385149531;0;0;0;1;0;0;0;7;252;160;32746;49141;24570;45005;22502;44019;54783;60159;13695;64191;64863;59055;0
12;1;0;1;0;1;0;0;0;0;1;0;5;234;22502;1;3;3;5;13;64863;4283895211;0;0;1;0;1;0;0;4;13;191;9455;11733;14134;49026;32868;17835;18495;35178;2513;6031;33009;24970;0
11;2;0;1;0;1;0;0;0;0;0;0;5;29;59803;6;1;1;3;14;63396;1026932644;0;1;0;1;1;1;1;5;181;241;25194;47873;44355;23301;44500;51090;32471;13976;50609;36096;31125;12442;0
10;3;0;1;0;1;0;0;0;0;1;0;5;249;64730;7;3;0;7;15;43006;2852099327;1;0;1;0;1;0;0;7;245;63;64159;64847;65191;65363;65321;32724;16362;40933;20474;43005;21502;43519;0
9;4;0;1;0;1;0;0;0;0;1;1;5;159;65449;2;2;3;15;3;21502;2499799679;1;1;0;1;0;1;0;7;250;159;64847;65191;65363;65449;32724;16362;40933;20474;43005;21502;43519;54527;0
8;5;0;1;0;1;0;0;0;0;1;1;5;79;32724;5;3;3;15;9;4783;3911201826;0;0;1;0;1;1;0;3;211;175;61661;55647;27280;4049;23186;29794;58306;15429;25248;19800;51160;27944;0
7;6;0;1;0;1;0;0;0;0;1;0;5;88;56634;5;1;2;13;0;19014;590938112;0;0;0;0;0;0;0;0;0;0;0;0;0;0;0;0;45600;41013;34810;49023;11813;51898;0
6;7;0;1;0;1;0;0;0;0;0;1;5;144;29822;7;1;0;13;13;64977;1064574906;1;0;1;1;1;1;1;5;71;238;41975;53755;59645;29822;47679;56607;61071;63303;64419;64977;32488;16244;0
5;0;1;1;0;1;0;0;0;0;0;1;5;247;47679;7;0;2;14;14;32488;532320221;0;0;0;1;1;1;1;6;163;247;53755;43261;29823;47679;56607;64143;64839;64419;64977;32488;16244;8122;0
4;1;1;1;0;1;0;0;0;0;1;0;5;254;56607;7;0;1;7;15;16340;2413643770;1;0;0;0;1;1;1;7;209;251;59645;29822;47679;56607;61071;63303;64419;64977;32488;16244;8122;36829;0
1;4;1;1;0;1;0;0;0;0;0;0;5;124;2;7;0;0;0;0;2;1638680619;0;0;0;1;1;1;1;5;148;43;24317;45445;12542;39039;21567;14513;25273;46798;64967;32666;49101;24550;0
0;5;1;1;0;1;0;0;0;0;1;1;5;216;10446;3;2;0;14;15;16352;267913212;0;0;0;0;1;1;1;6;129;255;49407;57471;61503;63519;22543;19423;30496;29718;5064;35014;10772;20384;0
31;5;1;1;0;1;0;0;0;0;0;1;5;0;64647;1;0;3;14;15;4082;1140638206;1;1;0;0;0;0;1;6;200;127;58431;61983;63759;64647;65091;65313;32656;16328;8164;4082;34809;17404;0
30;6;1;1;0;1;0;0;0;0;0;1;5;193;41002;6;2;0;12;1;45733;3387228566;1;0;0;0;1;0;0;5;81;216;1474;53237;13;0;0;0;25992;14335;39935;52735;59135;62335;0
27;1;0;0;1;1;0;0;0;0;0;1;6;3;22710;1;1;3;2;3;65184;1718858447;0;0;0;0;1;1;0;1;212;58;38442;22062;20264;3254;4904;36551;11794;32680;61167;744;0;0;0
25;3;0;0;1;1;0;0;0;0;1;1;6;131;8168;2;3;3;7;0;57471;4095736335;1;1;1;1;0;1;0;7;254;131;65345;32672;16336;8168;4084;2042;1021;16895;41215;53375;61503;63519;0
24;4;0;0;1;1;0;0;0;0;1;1;6;129;4088;5;3;3;3;0;59455;4228906503;1;1;1;1;1;1;0;3;255;129;32704;16352;8168;4088;2042;1022;16895;41215;53375;61503;63519;64527;0
23;5;0;0;1;1;0;0;0;0;1;0;6;192;2044;6;3;3;1;8;63519;4261936899;1;1;1;1;1;1;1;1;127;192;16352;8176;4088;2044;1022;33279;49407;53375;61503;63519;64527;65031;0
22;6;0;0;1;1;0;0;0;0;1;0;6;224;0;0;0;0;4;8;0;131072;1;0;0;0;0;0;0;0;255;255;65520;25495;11703;42696;32771;19138;23276;455;0;0;61440;28284;0
21;7;0;0;1;1;0;0;0;0;0;0;6;2;134;2;0;0;0;0;22568;4265687376;1;1;1;1;1;0;1;2;144;90;49039;24570;45053;6502;31781;13856;21060;58751;62143;63839;64687;65111;0
20;0;1;0;1;1;0;0;0;0;1;1;6;244;26314;7;3;3;10;8;63663;4264296213;0;1;1;1;1;1;1;2;191;197;24546;45041;22520;7280;51186;28045;55891;34965;20199;10383;4170;36559;0
19;1;1;0;1;1;0;0;0;0;0;0;6;237;508;7;3;1;0;8;63495;4261510912;0;1;1;1;1;1;1;0;31;192;4064;2032;1016;508;254;32895;49215;57375;61455;63495;64515;65025;0
18;2;1;0;1;1;0;0;0;0;1;1;6;177;57893;3;2;0;10;8;18836;680464458;1;0;1;1;1;0;1;7;235;204;3582;53594;2112;62;0;0;57344;64544;63599;64567;65051;65293;0
17;3;1;0;1;1;0;0;0;0;0;0;6;240;34559;7;3;2;1;15;65051;2139537347;1;1;1;1;1;1;1;1;111;240;14332;7164;36350;34559;50047;57791;61663;64623;65079;65307;65421;32646;0
16;4;1;0;1;1;0;0;0;0;1;0;6;248;50047;7;1;3;0;15;65293;3217285089;0;0;1;1;1;1;1;0;55;248;7164;3582;34559;64895;20159;8806;25221;54073;34754;51224;931;15027;0
15;5;1;0;1;1;0;0;0;0;0;0;6;74;15249;0;2;0;1;4;60996;77786353;1;1;1;1;0;0;1;0;101;30;47378;9171;4746;46020;62243;38010;58441;36686;18984;30224;0;0;0
14;6;1;0;1;1;0;0;0;0;0;0;6;0;64582;7;3;2;15;11;64507;2130624383;1;1;1;1;1;1;1;7;239;223;63471;64503;65019;65277;32638;49087;57311;61423;63479;64507;65021;32510;0
13;7;1;0;1;1;0;0;0;0;1;1;6;239;32638;7;1;3;15;13;65021;3212828607;1;0;1;1;1;1;1;7;247;239;64503;65019;65277;32638;49087;57311;61423;63479;64507;65021;32510;49023;0
11;1;0;1;1;1;0;0;0;0;1;1;7;251;57311;7;3;3;7;15;49023;4024432623;1;1;1;0;1;1;1;7;253;251;65277;32638;49087;57311;61423;63479;64511;65021;65278;65407;65471;65503;0
10;2;0;1;1;1;0;0;0;0;1;0;7;0;34598;3;2;0;10;8;59506;365952;0;0;0;0;0;0;1;5;34;33;19296;51421;1871;0;0;0;0;32584;12;0;0;0;0
2;2;1;1;1;1;0;0;0;0;1;0;7;0;0;6;3;2;6;0;8;805314456;0;0;0;0;0;0;0;0;0;0;0;0;61440;6117;51044;44726;4424;5120;45374;24054;49153;25360;0
0;4;1;1;1;1;0;0;0;0;1;0;7;251;34703;7;2;1;8;15;6279;301908861;1;1;1;0;0;1;1;6;121;167;40931;45025;8051;17561;22977;65434;7753;45050;14322;54271;36093;64383;0
31;4;1;1;1;1;0;0;0;0;1;0;7;16;14777;6;0;3;1;1;32427;2957952623;0;0;1;1;1;0;1;7;23;206;63485;31141;16381;57283;7791;30871;34457;27476;11787;46213;65247;65101;0
30;5;1;1;1;1;0;0;0;0;1;1;7;58;60150;5;3;2;11;3;41045;2770150140;1;0;1;1;0;0;1;6;2;154;14239;62195;8053;15741;53599;55104;65402;39146;39711;4661;32368;45805;0
29;6;1;1;1;1;0;0;0;0;1;1;7;100;45118;1;2;3;13;15;63518;1196566379;1;1;0;1;0;0;1;0;238;248;52136;53234;28253;46579;22010;3112;63857;42236;45594;60446;32695;6067;0
28;7;1;1;1;1;0;0;0;0;1;1;7;180;55792;3;3;2;12;5;41957;2127669954;1;1;0;0;1;0;1;4;252;103;4041;53884;14886;53507;64735;54095;8402;42286;273;36;61825;13711;0
27;0;0;0;0;0;1;0;0;0;0;0;8;197;16340;3;3;2;2;3;63912;453203172;1;1;1;0;1;0;0;6;84;178;23671;42323;3724;22007;27346;9384;49154;26170;12437;20313;45020;17724;0
26;1;0;0;0;0;1;0;0;0;1;0;8;102;60950;7;3;3;13;1;40960;63460907;0;1;1;1;0;1;1;5;188;235;42006;38002;9349;31203;44531;49849;43031;58036;61978;26090;16381;33035;0
25;2;0;0;0;0;1;0;0;0;0;0;8;106;48930;4;3;0;13;13;26414;2125079563;0;0;1;1;0;0;0;3;215;225;46324;41579;28723;49794;2260;50161;47669;32573;11508;15982;43098;312;0
24;3;0;0;0;0;1;0;0;0;1;1;8;122;11544;6;3;3;3;15;33915;0;0;0;0;0;0;0;0;0;0;0;0;0;0;27392;454;0;0;0;40960;9858;0;32768;0
23;4;0;0;0;0;1;0;0;0;1;0;8;0;75;0;0;0;0;0;0;2683180791;0;0;0;0;0;0;0;3;0;0;0;0;0;0;0;0;0;65024;28284;11425;547;266;0
22;5;0;0;0;0;1;0;0;0;0;1;8;244;8662;6;1;0;15;15;64791;3853903154;0;1;0;0;1;1;0;7;245;74;52355;12283;38910;63486;15941;1488;60918;60218;1472;27998;53439;1415;0
21;6;0;0;0;0;1;0;0;0;0;0;8;219;61416;5;2;2;13;9;64311;1056812863;0;1;1;0;1;1;0;6;77;13;26632;7043;58367;50414;48357;24549;57316;24763;10657;50929;50863;16066;0
20;7;0;0;0;0;1;0;0;0;0;1;8;95;25302;2;2;2;8;14;64015;3890664701;1;0;1;1;1;0;1;0;136;253;33751;14660;53916;10168;30583;6443;55404;40598;48110;59957;8875;31892;0
19;0;1;0;0;0;1;0;0;0;1;0;8;173;24814;1;0;1;13;15;29467;413500844;0;0;1;0;0;0;1;7;89;244;37085;64149;60716;31631;30993;57375;6421;5168;44858;32635;3602;56856;0
18;1;1;0;0;0;1;0;0;0;1;0;8;183;18468;5;2;0;14;0;41900;84665371;0;0;0;1;1;1;1;3;7;167;42255;8166;484;0;0;12770;25386;42934;38631;56272;64247;3086;0
15;4;1;0;0;0;1;0;0;0;0;0;8;0;0;0;0;0;0;0;0;1853631649;0;0;0;0;1;0;0;3;1;11;10;22;95;64246;80;21;11;9065;48767;63255;64947;48590;0
14;5;1;0;0;0;1;0;0;0;1;1;8;0;24504;4;3;3;15;12;63613;3957315551;1;0;0;0;0;1;1;1;219;58;53103;44765;64823;18026;38283;44940;58364;54686;60687;26011;30198;34642;0
13;6;1;0;0;0;1;0;0;0;1;0;8;65;13519;0;3;3;8;9;63797;505604092;0;1;0;1;0;1;0;3;62;66;55321;51377;44049;40912;35801;55231;58463;62929;45356;62031;65469;56782;0
12;7;1;0;0;0;1;0;0;0;1;0;8;183;39479;0;2;3;1;9;27769;700674686;1;0;0;1;0;1;0;7;41;145;28581;11285;13487;9669;34701;7695;15940;37363;34122;15303;31721;31778;0
11;0;0;1;0;0;1;0;0;0;1;0;9;129;13766;7;0;3;10;11;55873;4158600159;1;1;1;0;1;0;1;3;70;184;21128;44907;28941;45634;43611;22692;23786;38670;34073;29093;46445;22822;0
10;1;0;1;0;0;1;0;0;0;1;1;9;132;11111;5;0;1;3;14;43258;2953759583;1;0;1;1;0;0;0;6;232;63;52283;53;34929;65309;41393;60217;33801;48919;24908;48306;52135;40318;0
9;2;0;1;0;0;1;0;0;0;1;0;9;182;38144;3;2;3;0;12;49253;1821457115;0;0;0;0;1;0;1;1;214;108;60536;59005;45808;16819;4457;63278;55590;0;0;0;0;0;0
8;3;0;1;0;0;1;0;0;0;0;0;9;0;41387;6;3;3;9;14;16384;0;0;0;0;0;0;0;0;0;0;0;0;0;0;0;0;0;0;0;0;0;0;0;0
7;4;0;1;0;0;1;0;0;0;0;0;9;124;10;4;0;1;0;0;13;3372213375;1;0;1;0;1;0;0;7;252;175;3055;23748;61941;64619;49123;24553;8177;38906;57596;58783;28151;40985;0
6;5;0;1;0;0;1;0;0;0;1;0;9;223;19732;6;3;3;7;3;31363;2404317609;1;0;1;1;1;1;1;0;95;255;30657;28948;61349;53343;62959;10046;48574;24554;31344;38115;63483;65265;0
5;6;0;1;0;0;1;0;0;0;1;0;9;197;47151;1;2;3;13;12;50397;2489025768;1;0;0;1;1;1;1;5;87;242;11261;42620;48943;65311;34577;52340;4975;49753;30365;37344;55753;64925;0
4;7;0;1;0;0;1;0;0;0;0;0;9;246;62687;7;2;3;5;2;21531;3722294557;0;1;0;1;1;0;0;2;76;39;11978;22747;64777;24229;17631;28954;32726;60805;29667;41444;20258;48606;0
3;0;1;1;0;0;1;0;0;0;1;0;9;216;44700;7;3;1;11;7;8572;72637671;1;1;0;1;0;1;0;0;213;66;5021;40284;10291;50885;40858;18651;5872;45324;15308;9745;51361;58442;0
2;1;1;1;0;0;1;0;0;0;1;0;9;41;57015;6;2;0;3;2;149;3049274408;0;1;0;1;0;0;1;2;61;136;16667;9586;56286;27;4096;48194;65020;41054;29640;41239;56307;61428;0
1;2;1;1;0;0;1;0;0;0;1;1;9;230;0;0;0;0;0;0;53248;2293760;0;0;0;0;0;0;0;0;0;0;0;0;0;0;0;0;0;0;0;0;0;0;0
0;3;1;1;0;0;1;0;0;0;0;0;9;0;547;0;1;0;0;0;228;1448472;1;1;1;0;1;1;1;7;251;223;65423;63527;64787;65454;16304;22556;18420;62770;48159;37119;49708;55675;0
31;3;1;1;0;0;1;0;0;0;0;1;9;191;36788;4;3;3;13;13;63828;4204100908;0;1;1;1;1;0;0;5;237;153;35706;64225;64725;15372;32723;62055;64387;52893;46386;42815;40209;51067;0
29;5;1;1;0;0;1;0;0;0;0;0;9;189;61144;7;1;3;15;15;56727;709388658;1;0;1;0;0;0;1;6;162;127;52543;56531;28643;58142;52739;13275;44792;27103;32614;18563;46552;64663;0
22;4;0;0;1;0;1;0;0;0;1;1;10;15;14685;3;2;1;0;1;51971;2813605113;0;0;1;0;1;1;1;5;215;72;25777;25640;28288;12183;43976;40431;11756;16297;45633;45145;57036;669;0
21;5;0;0;1;0;1;0;0;0;0;0;10;86;26643;3;3;2;11;15;5422;4136585719;1;1;0;0;1;1;1;3;231;162;64011;58549;57763;12944;3698;0;0;0;0;0;0;0;0
20;6;0;0;1;0;1;0;0;0;0;1;10;67;8947;3;3;1;7;3;49420;2958938686;1;0;1;1;1;0;0;0;171;196;59491;29702;25737;32246;20114;32663;15777;62420;51534;63757;42989;53389;0
19;7;0;0;1;0;1;0;0;0;1;0;10;220;17410;0;1;0;4;9;59181;2541503356;0;1;1;1;0;0;1;0;53;131;28342;64613;17808;64970;35223;13008;32676;29679;4696;27694;1;30713;0
10;7;1;0;0;1;1;0;0;0;0;0;12;0;0;0;0;0;0;0;0;0;0;0;0;0;0;0;0;0;0;0;0;0;0;0;0;0;0;0;59264;50;0;0;0
9;0;0;1;0;1;1;0;0;0;0;0;13;141;11425;2;1;0;1;0;63936;2359306;0;0;0;1;0;0;0;5;239;191;64831;61143;61675;64615;21206;52433;57261;24736;20950;5372;54707;21759;0
8;1;0;1;0;1;1;0;0;0;0;0;13;195;51586;7;0;3;15;12;8143;483083428;0;1;0;1;1;0;1;1;244;124;27718;18739;42747;32382;53054;11903;53185;31736;39417;3196;55588;48845;0
7;2;0;1;0;1;1;0;0;0;1;1;13;249;42020;0;2;0;2;5;30191;2463481804;0;0;1;1;0;1;1;4;107;204;19590;11224;61635;41856;59948;64103;64691;27301;33713;46975;62128;27067;0
6;3;0;1;0;1;1;0;0;0;0;1;13;220;15359;7;1;3;0;7;44942;3993408974;0;1;0;0;0;1;1;2;160;245;34167;48493;42217;59853;40917;56859;36650;55934;40704;28006;38927;20633;0
5;4;0;1;0;1;1;0;0;0;1;1;13;234;5433;7;3;0;0;9;45119;1905486079;1;1;1;1;1;1;0;3;14;152;61336;27803;54452;59742;14493;27043;8240;31293;64853;57149;47469;9867;0
4;5;0;1;0;1;1;0;0;0;1;0;13;61;25476;3;2;2;8;2;5269;2498100669;1;1;1;0;0;1;0;6;200;229;50401;22587;24012;42291;16941;3041;46139;23736;21872;20394;60148;63880;0
3;6;0;1;0;1;1;0;0;0;1;1;13;141;54682;6;3;1;5;5;30303;942472847;1;0;1;1;0;0;1;5;28;179;61371;47804;4622;21404;30949;51242;7345;4663;31536;28172;25794;52871;0
2;7;0;1;0;1;1;0;0;0;0;0;13;11;1175;0;1;0;8;6;45424;2329618034;1;1;0;1;1;0;1;1;106;88;2819;64816;19720;34763;21602;38188;56136;57110;44937;22761;62027;14442;0
1;0;1;1;0;1;1;0;0;0;1;1;13;142;21693;4;0;0;0;0;32769;1248303716;1;1;1;1;1;0;1;7;157;17;62439;3658;30885;42714;6919;14001;36557;42656;39450;59800;32334;52879;0
0;1;1;1;0;1;1;0;0;0;1;1;13;42;40214;3;2;2;10;11;24910;1865105395;0;0;0;1;1;0;0;4;119;82;3693;6025;25309;53756;41443;63801;50533;59262;25410;27306;14010;47111;0
31;1;1;1;0;1;1;0;0;0;0;1;13;182;9889;6;2;3;2;9;61275;4170244816;0;1;0;1;0;1;0;6;209;193;9707;23742;64315;52785;39998;55272;53360;10578;24398;53455;44668;44501;0
30;2;1;1;0;1;1;0;0;0;1;0;13;165;45122;0;3;2;6;14;0;0;0;0;0;0;0;0;0;0;0;0;0;0;0;0;0;0;0;0;0;0;49664;31091;0
29;3;1;1;0;1;1;0;0;0;0;1;13;58;5599;0;0;0;0;0;0;0;0;0;0;0;0;0;0;0;0;0;0;0;0;0;0;0;0;0;0;0;0;0;0
28;4;1;1;0;1;1;0;0;0;0;0;13;0;0;0;0;0;0;0;28284;35848467;0;0;0;0;0;0;0;3;0;28;238;63924;250;20;14;10552;63103;31975;24373;15459;9582;11389;0
27;5;1;1;0;1;1;0;0;0;0;1;13;251;26559;1;1;0;15;0;49108;1963881469;0;0;0;1;0;1;0;6;241;246;13956;8676;3058;50676;18170;25470;59198;64443;64761;44340;46834;14974;0
26;6;1;1;0;1;1;0;0;0;0;1;13;223;27791;4;2;2;13;7;56188;3916753019;0;1;1;1;1;1;1;6;85;66;23041;49150;57329;20436;61613;39627;41845;21886;20123;56639;63135;48847;0
25;7;1;1;0;1;1;0;0;0;1;0;13;98;14626;5;0;2;6;6;20375;4237907545;0;1;1;0;0;1;0;6;150;24;53439;19954;10629;28370;8280;19814;53769;27842;61287;55233;63621;37871;0
21;3;0;0;1;1;1;0;0;0;1;1;14;165;34754;3;0;1;14;3;37561;767398863;0;1;1;0;1;0;1;1;77;97;2457;44580;43813;1723;37650;42076;22529;5035;29601;25196;49450;25800;0
14;2;1;0;1;1;1;0;0;0;0;0;14;255;41853;5;3;2;15;0;34440;797415932;0;0;0;0;0;1;1;7;128;125;37615;46056;56784;38215;54646;6639;20317;19147;61197;29299;2532;53136;0
12;4;1;0;1;1;1;0;0;0;1;0;14;86;28540;7;3;3;10;6;29992;2651659388;0;0;0;0;0;1;1;5;135;149;15740;47044;63377;9463;33340;45962;19773;55228;18625;8904;39449;35718;0
10;6;1;0;1;1;1;0;0;0;1;0;14;57;50827;1;2;3;13;6;29689;3517459959;1;0;1;0;1;0;0;5;42;157;25807;18428;51045;29619;8224;38443;38492;3196;28647;39966;58648;34943;0
9;7;1;0;1;1;1;0;0;0;0;1;14;18;52651;7;1;2;15;7;15322;4203455817;1;1;0;0;1;0;1;2;200;121;27122;40457;39052;33268;16064;62262;5650;5206;10636;26083;63150;57158;0
8;0;0;1;1;1;1;0;0;0;1;1;15;99;55223;5;1;1;0;0;9177;1171242566;1;0;0;0;1;0;0;7;233;59;9452;26532;11892;4023;52004;55715;15436;44045;57242;16423;31943;60107;0
6;2;0;1;1;1;1;0;0;0;0;0;15;16;44685;6;3;1;2;5;15014;1408281172;1;0;0;0;1;0;0;3;166;217;48743;33356;46061;23602;41880;18947;50955;61626;1125;15441;44635;50771;0
5;3;0;1;1;1;1;0;0;0;1;0;15;233;3558;1;1;2;15;2;40903;2515495696;1;0;0;1;0;1;1;4;64;252;40267;59125;20324;5872;48053;6090;6010;63888;46921;1699;14735;44520;0
4;4;0;1;1;1;1;0;0;0;1;0;15;186;28797;2;1;2;11;10;45295;1628332516;1;0;1;0;1;1;1;5;209;222;47752;16645;3;0;0;0;0;0;0;0;0;0;0
3;5;0;1;1;1;1;0;0;0;0;0;15;0;17750;5;3;3;2;0;0;0;0;0;0;0;0;0;0;0;0;0;0;0;0;0;0;0;0;0;0;0;0;0;0
2;6;0;1;1;1;1;0;0;0;0;0;15;0;0;0;0;0;0;0;0;1853631649;0;0;0;0;1;0;0;3;1;21;16;34;153;64076;167;20;15;10767;64895;64295;64971;65429;0
1;7;0;1;1;1;1;0;0;0;1;0;15;121;51532;3;3;2;15;10;16242;2006773185;1;0;0;0;0;0;0;6;143;159;3190;54781;23295;36732;31935;63759;44029;3839;15574;47032;64414;12179;0
0;0;1;1;1;1;1;0;0;0;0;0;15;195;64511;7;2;2;13;5;51599;1476240381;0;1;1;1;0;1;0;4;37;210;57199;61208;34931;18475;7970;48111;22470;58361;63772;45409;63055;27882;0
31;0;1;1;1;1;1;0;0;0;1;0;15;229;25632;2;0;3;15;6;1275;1146042411;1;1;0;0;1;0;0;7;139;61;838;46972;29381;14845;22396;59879;47506;53081;3755;33165;2908;63040;0
30;1;1;1;1;1;1;0;0;0;1;1;15;49;40249;7;1;0;4;13;63740;946450296;1;1;1;0;1;1;1;7;242;242;35339;23382;50820;47485;61175;57139;16200;24261;50771;4060;21500;55586;0
29;2;1;1;1;1;1;0;0;0;0;0;15;89;33703;6;3;1;6;14;60733;3036935923;0;1;0;1;1;1;1;1;1;245;63231;56471;46816;32306;39012;48530;50387;13212;20681;27918;14643;35431;0
28;3;1;1;1;1;1;0;0;0;1;0;15;239;35637;1;2;0;7;7;36403;3483558970;0;1;0;1;0;0;0;0;106;12;407;11520;22147;59522;7113;22650;45755;29152;15395;64886;26199;24434;0
27;4;1;1;1;1;1;0;0;0;0;1;15;2;12914;5;0;3;11;4;41128;690551743;0;1;1;1;0;0;0;1;91;151;5218;36978;48401;25322;27788;50318;36997;58553;26040;34810;15993;5993;0
26;5;1;1;1;1;1;0;0;0;0;1;15;169;25601;4;0;0;12;12;20268;3829423827;1;0;0;0;0;0;1;5;151;125;31707;7880;57688;49586;60174;28425;57933;11650;60361;1270;52628;16245;0
25;6;1;1;1;1;1;0;0;0;0;1;15;67;40179;2;3;1;4;11;24694;2736128051;0;0;0;0;0;0;0;0;0;0;0;0;0;0;0;0;0;0;0;0;0;0;0
24;7;1;1;1;1;1;0;0;0;1;0;15;237;1939;6;1;1;7;3;0;0;0;0;0;0;0;0;0;0;0;0;0;0;0;0;0;0;0;0;0;0;0;0;0
23;0;0;0;0;0;0;1;0;0;0;0;16;0;10240;0;0;0;0;0;11425;18219020;0;0;0;0;0;0;0;6;0;73;64225;96;22;22;10897;52479;63575;64763;24165;30677;27508;30383;0
22;1;0;0;0;0;0;1;0;0;1;0;16;241;57297;7;0;3;14;14;61415;3506431615;1;1;1;1;1;0;1;3;191;17;30714;47014;18455;17840;59231;65342;24456;12286;6143;42460;63839;23519;0
21;2;0;0;0;0;0;1;0;0;0;0;16;159;50491;3;1;3;7;8;65411;1744360429;0;0;0;1;1;1;1;7;181;172;21617;42422;57957;7882;15058;49534;63739;48743;52209;39421;57615;16318;0
20;3;0;0;0;0;0;1;0;0;1;1;16;250;29594;7;3;3;12;10;46986;535669580;0;0;1;0;0;1;1;7;220;84;13880;11873;47859;32417;55743;3195;7603;37076;37819;9502;64092;10803;0
19;4;0;0;0;0;0;1;0;0;1;1;16;168;30963;0;3;3;7;9;16339;3663860262;0;1;1;1;0;1;0;3;168;195;2381;48030;61874;3147;58653;51011;63775;828;36179;58517;59306;9657;0
18;5;0;0;0;0;0;1;0;0;0;0;16;154;41625;7;1;1;13;8;16822;1726191189;0;0;0;0;1;1;1;2;223;122;55769;16130;23042;51783;15366;4418;23023;40682;46254;37692;1866;57295;0
17;6;0;0;0;0;0;1;0;0;0;1;16;208;65064;1;3;0;11;1;3804;1936611812;1;1;0;1;1;0;0;0;72;94;58062;25907;16376;2378;25065;36237;3839;26776;10678;13904;10025;23754;0
16;7;0;0;0;0;0;1;0;0;0;1;16;114;6550;7;0;3;6;1;0;0;0;0;0;0;0;0;0;0;0;0;0;0;0;50064;275;17098;21941;41047;28;0;0;0;0
15;0;1;0;0;0;0;1;0;0;0;0;16;0;0;0;0;0;0;0;0;0;0;0;0;0;0;0;0;0;192;0;28284;11425;547;535;13;26;47;64316;41;25;9;2551;0
14;1;1;0;0;0;0;1;0;0;1;1;16;244;26110;5;1;1;15;15;29683;3906862215;1;0;1;0;0;1;0;0;234;227;49680;26527;46028;35079;64423;13046;16354;3343;27645;38210;6128;44047;0
13;2;1;0;0;0;0;1;0;0;0;0;16;243;32181;4;0;3;11;5;13234;2633974155;1;1;1;1;1;1;0;7;13;224;32634;63525;61179;41573;59345;62623;32655;62011;65123;18890;63456;48690;0
12;3;1;0;0;0;0;1;0;0;1;0;16;126;32632;4;2;0;1;4;30490;3025910331;0;1;1;1;1;1;1;4;205;249;21470;13745;6267;7459;22386;64504;30222;31024;38758;13921;29326;11242;0
11;4;1;0;0;0;0;1;0;0;1;1;16;177;30110;7;3;1;0;15;49786;791696502;1;1;0;1;1;0;0;6;71;168;13823;51967;62048;56108;19353;57851;6415;6248;22613;11;0;18571;0
10;5;1;0;0;0;0;1;0;0;1;0;16;129;7921;3;1;0;1;13;36818;2209854609;0;1;0;1;1;0;1;3;250;127;17566;52615;33861;10800;49335;50350;12650;0;0;0;0;0;0
9;6;1;0;0;0;0;1;0;0;0;0;16;0;0;6;2;1;12;12;0;8064;0;1;1;1;1;0;1;4;23;208;20726;6102;0;0;41984;1222;0;23552;395;65024;28284;11425;0
8;7;1;0;0;0;0;1;0;0;0;0;16;96;89;3;0;0;2;1;3740;2115477806;1;1;0;1;0;0;0;5;120;150;57987;26523;65020;28415;51222;17845;11721;33977;390;25681;33554;49093;0
7;0;0;1;0;0;0;1;0;0;1;1;17;255;10545;3;0;3;14;13;63811;2107965261;0;0;0;0;1;0;1;4;221;223;29559;16331;24479;45035;64477;2430;64735;10135;60130;44939;20335;59613;0
6;1;0;1;0;0;0;1;0;0;0;1;17;31;27233;4;1;1;12;15;2533;3790572069;1;1;1;1;1;1;1;6;78;175;25590;14535;57232;15484;61628;64573;32676;16338;40913;35565;35679;17039;0
5;2;0;1;0;0;0;1;0;0;0;0;17;244;5476;7;3;2;7;15;55229;4149465799;0;0;0;0;1;0;1;2;172;202;27903;27294;47622;8618;58676;27408;10453;47094;19172;27619;61977;61143;0
4;3;0;1;0;0;0;1;0;0;1;0;17;80;59711;1;0;3;7;7;53853;2834927408;0;0;0;0;0;0;1;2;157;60;1708;5299;14840;57823;13957;24219;16348;32396;8480;64074;64829;38477;0
3;4;0;1;0;0;0;1;0;0;1;0;17;39;32737;3;0;0;14;15;1325;2113533055;1;0;1;1;0;1;1;0;139;58;61749;22216;5110;11885;11783;788;25360;40720;41899;48679;10663;21286;0
2;5;0;1;0;0;0;1;0;0;0;0;17;246;22619;5;0;1;11;0;54242;105293645;0;0;1;1;1;1;0;4;124;184;33310;4060;20941;56039;33519;49819;3369;19292;64188;7806;29522;52649;0
1;6;0;1;0;0;0;1;0;0;0;0;17;232;19375;3;3;1;2;12;64864;2031438303;0;0;0;1;1;0;0;5;108;218;47715;55777;60942;46329;10015;15198;25652;50598;40288;876;13927;19195;0
0;7;0;1;0;0;0;1;0;0;0;0;17;54;3170;0;0;3;12;14;44783;2929982199;1;1;1;0;1;0;1;6;197;104;41250;37758;34623;42475;10904;42618;31846;38189;41094;35092;52416;60816;0
31;7;0;1;0;0;0;1;0;0;0;1;17;3;39043;6;1;0;3;9;31882;1844820633;1;0;1;0;1;1;0;0;71;86;16800;3551;54043;51309;23754;49331;27236;11205;27722;60672;53340;9073;0
30;0;1;1;0;0;0;1;0;0;0;0;17;228;36288;3;0;3;15;3;60730;654825485;1;0;1;1;1;1;0;2;152;210;62109;22896;31968;26238;42889;44023;34120;7787;28310;52824;35236;62048;0
29;1;1;1;0;0;0;1;0;0;1;1;17;74;62496;6;0;3;15;15;36493;21021875;1;1;1;1;0;0;1;5;225;63;56856;57436;45770;54025;5512;28782;31476;65148;60762;58851;35566;35571;0
28;2;1;1;0;0;0;1;0;0;1;0;17;109;55495;5;0;1;2;10;34789;2400217159;0;0;1;1;1;0;0;5;82;206;31314;34378;20937;45670;58113;12589;55296;10684;27855;34504;4502;36829;0
27;3;1;1;0;0;0;1;0;0;0;1;17;110;0;0;0;0;0;0;0;0;0;0;0;0;0;0;0;0;0;0;0;0;0;0;0;0;0;0;0;0;0;0;0
26;4;1;1;0;0;0;1;0;0;0;0;17;0;0;0;0;0;8;10;0;28672;0;1;1;0;1;1;1;1;0;0;0;0;0;36864;8107;0;0;0;0;0;0;0;0
25;5;1;1;0;0;0;1;0;0;0;0;17;124;17;4;2;0;1;0;16;3384802417;1;1;1;1;1;1;0;0;231;202;1931;31994;17200;34771;60232;26745;22495;54201;43012;1510;20887;44700;0
24;6;1;1;0;0;0;1;0;0;0;1;17;7;59160;7;2;1;5;15;1177;3652013237;0;1;0;0;1;0;1;2;196;218;50673;2810;61518;13647;53007;21311;6145;647;32467;4127;50787;1777;0
23;7;1;1;0;0;0;1;0;0;0;1;17;47;11221;0;2;3;11;7;36352;529373695;0;0;1;1;1;1;0;0;7;7;30863;61739;23678;26619;57087;11832;17110;23492;18152;41151;43962;23154;0
22;0;0;0;1;0;0;1;0;0;1;1;18;218;58735;1;0;3;2;5;41966;2761676930;1;1;1;0;0;0;1;3;241;120;28438;8818;58591;41923;55422;50749;21841;65076;47341;28757;21902;750;0
21;1;0;0;1;0;0;1;0;0;0;1;18;187;20453;5;0;3;5;4;37908;1294663254;0;0;0;0;0;1;0;5;149;209;56750;39176;21220;58247;717;58815;37800;30647;18085;15260;58191;14988;0
20;2;0;0;1;0;0;1;0;0;0;0;18;66;16689;7;3;3;4;6;6790;3115105180;0;0;1;1;1;1;0;4;172;218;50219;18115;3863;60372;57159;17340;14216;29453;41838;57043;59599;23983;0
19;3;0;0;1;0;0;1;0;0;0;0;18;243;62166;4;2;0;9;11;47034;2503278141;1;1;0;0;0;0;1;6;94;124;34454;35263;59089;49390;55597;19017;57969;3410;51465;407;6071;37498;0
18;4;0;0;1;0;0;1;0;0;0;0;18;50;16198;7;3;0;5;13;11547;2591017203;1;0;0;0;1;0;0;6;62;203;62753;25797;19629;25685;65043;36234;11003;48556;41811;47111;45489;25996;0
17;5;0;0;1;0;0;1;0;0;0;0;18;49;35706;0;2;0;5;10;47013;3946371081;1;0;1;0;1;0;1;2;230;240;61754;38510;26379;57574;64168;61247;16187;4760;63029;21890;7599;18113;0
16;6;0;0;1;0;0;1;0;0;0;0;18;177;6421;5;3;3;5;8;57394;3910959362;0;0;0;1;1;1;0;2;116;79;30917;31663;9397;54528;64216;12;28352;25321;15310;33190;49563;26315;0
15;7;0;0;1;0;0;1;0;0;1;1;18;20;55337;0;1;3;8;0;10047;3800603717;1;1;0;0;1;0;0;0;89;198;6796;59420;55698;33705;6248;16893;35073;27160;32448;48080;50522;38255;0
14;0;1;0;1;0;0;1;0;0;0;1;18;81;1358;1;3;0;15;11;63079;2089733681;1;1;0;0;1;0;0;0;59;229;39419;43302;55888;8740;35420;7250;65506;2030;25872;50439;32078;51420;0
13;1;1;0;1;0;0;1;0;0;0;0;18;173;65003;0;1;0;9;2;23890;2397350358;0;1;0;1;0;0;1;4;196;147;29449;63510;7209;48374;61068;9766;15155;62831;31894;29668;5628;33043;0
12;2;1;0;1;0;0;1;0;0;1;1;18;0;64523;0;1;3;12;13;15304;3761508437;0;1;0;0;0;1;0;7;115;83;384;0;0;0;0;0;0;0;0;0;0;0;0
11;3;1;0;1;0;0;1;0;0;0;0;18;0;0;0;0;0;0;12;29;0;0;0;0;0;0;0;0;0;0;0;0;0;0;0;0;0;0;0;0;0;0;0;0
10;4;1;0;1;0;0;1;0;0;0;0;18;0;0;0;0;0;0;0;0;0;0;0;0;0;0;0;0;0;0;0;0;0;0;0;0;0;65024;28284;11425;547;282;12;0
9;5;1;0;1;0;0;1;0;0;0;0;18;49;63167;6;3;3;15;9;61110;3275619872;1;1;1;1;1;0;1;1;190;244;16301;65178;513;18332;65121;16136;17370;32054;4190;65401;47637;46127;0
8;6;1;0;1;0;0;1;0;0;1;1;18;39;56734;6;0;2;4;15;32118;4004432748;1;0;0;0;1;1;1;6;113;117;53718;6448;14512;21209;43167;51375;59825;64179;47115;40248;47611;22507;0
7;7;1;0;1;0;0;1;0;0;1;0;18;246;29330;3;0;0;3;8;52383;1820809912;1;0;1;0;0;0;0;6;251;95;48553;21825;36044;45278;19464;36816;8469;16225;49459;4415;18350;55348;0
6;0;0;1;1;0;0;1;0;0;0;1;19;155;23674;6;3;0;14;1;43137;768544908;0;0;1;1;0;1;1;7;222;41;26649;53230;40126;32524;41525;21591;8627;41449;50735;11452;9644;34077;0
5;1;0;1;1;0;0;1;0;0;1;1;19;139;61886;7;2;0;0;7;37973;626785267;1;0;1;1;0;0;0;4;250;9;52535;32137;51267;6007;9508;36170;6232;12626;36463;44276;52101;22951;0
4;2;0;1;1;0;0;1;0;0;1;0;19;68;54323;3;0;0;7;1;30055;2399714406;1;1;0;1;0;1;0;7;114;203;27300;60148;8237;5739;17755;39394;63128;7134;48893;14929;31657;55851;0
3;3;0;1;1;0;0;1;0;0;1;0;19;83;38574;7;1;3;12;11;52172;2841691251;0;1;1;0;1;0;1;0;8;87;17220;18422;14326;61039;46056;35837;5028;52395;24346;49684;57392;58997;0
2;4;0;1;1;0;0;1;0;0;0;0;19;134;3149;7;0;2;0;2;64802;4265132138;1;1;1;1;0;1;0;1;24;84;26908;20300;54354;50076;12098;38113;57650;36383;54856;9163;29513;28551;0
1;5;0;1;1;0;0;1;0;0;1;1;19;88;47083;0;2;2;10;10;20479;4274643813;0;1;1;1;1;1;0;5;156;104;6968;5672;42650;19444;52622;58562;33876;9387;50493;24571;58617;23239;0
0;6;0;1;1;0;0;1;0;0;0;1;19;27;52956;7;0;0;12;0;25207;1799517878;0;0;1;0;0;1;1;0;84;34;50826;32054;20406;54696;65483;48477;41103;22845;1651;44970;4667;52710;0
31;6;0;1;1;0;0;1;0;0;1;1;19;218;42755;1;2;0;12;2;16039;1883215677;0;1;0;1;0;0;1;4;156;18;32158;25969;31257;13332;40630;21222;39090;59891;14640;13048;46437;19516;0
30;7;0;1;1;0;0;1;0;0;0;0;19;118;4895;0;0;1;7;0;15890;3921656621;0;0;0;0;0;0;0;6;92;148;3;19803;35104;16670;29466;50396;62495;22939;15512;61172;20751;60292;0
29;0;1;1;1;0;0;1;0;0;1;1;19;226;56457;7;2;0;5;11;7549;1639332078;0;1;1;1;0;1;1;2;63;228;2816;60501;23054;47866;54280;13225;28255;48049;17828;17852;11216;52435;0
28;1;1;1;1;0;0;1;0;0;0;0;19;73;51028;0;2;3;2;7;0;0;0;0;0;0;0;0;0;0;0;0;0;0;0;0;0;0;0;0;0;0;0;0;0
27;2;1;1;1;0;0;1;0;0;1;0;19;145;0;0;0;0;0;0;0;0;0;0;0;0;0;0;0;0;0;0;0;0;0;0;0;0;0;0;0;0;0;0;0
26;3;1;1;1;0;0;1;0;0;0;0;19;0;0;0;0;0;0;0;0;0;0;0;0;0;0;0;0;0;0;0;65535;28284;11425;547;283;15;83;283;63752;269;71;8;0
25;4;1;1;1;0;0;1;0;0;0;0;19;185;13708;6;3;2;2;15;62712;3206771454;0;1;1;1;1;1;0;5;144;127;33311;31692;60356;5248;59896;22973;19741;54495;60015;64503;41463;61632;0
24;5;1;1;1;0;0;1;0;0;0;1;19;137;40741;4;1;3;7;1;39649;3034038535;1;0;1;1;1;0;1;7;253;27;61431;23989;31144;31229;37579;51588;16212;8060;16061;60304;64285;57878;0
23;6;1;1;1;0;0;1;0;0;1;1;19;175;48296;7;1;3;1;8;15974;2392635975;0;0;1;0;0;1;1;5;248;180;61069;21420;61330;30753;48494;5714;24563;7826;27377;8316;24983;46796;0
22;7;1;1;1;0;0;1;0;0;1;0;19;105;24854;3;0;2;4;15;33953;3218328920;1;1;1;1;0;1;1;5;72;101;52883;29565;53463;65131;39283;42194;3569;65122;65405;7745;14327;45446;0
21;0;0;0;0;1;0;1;0;0;1;0;20;5;18134;6;2;0;14;2;60274;2935647909;1;0;1;1;1;1;0;0;245;61;14525;60285;43118;2393;32487;25217;48850;39471;37382;16725;22362;3055;0
20;1;0;0;0;1;0;1;0;0;0;0;20;101;53536;0;1;3;0;5;42684;220048054;1;0;0;1;0;0;1;4;176;7;14051;9661;18431;51719;62033;9900;44205;8866;62161;8670;26009;50740;0
19;2;0;0;0;1;0;1;0;0;0;0;20;38;323;1;1;1;15;6;23608;3506329200;0;0;1;1;1;1;1;5;84;172;50356;44385;47587;52499;15521;46918;19694;45191;51622;27522;25729;52052;0
18;3;0;0;0;1;0;1;0;0;0;1;20;205;16485;6;1;0;8;5;59694;1085429105;0;1;1;0;1;0;1;2;195;147;33481;4314;23150;52058;60397;48117;44047;54075;5665;54260;60549;52031;0
17;4;0;0;0;1;0;1;0;0;1;0;20;190;38743;3;3;1;15;2;61540;2247273473;1;1;1;0;1;0;1;6;1;65;55602;63941;63305;40429;4984;19202;56567;60087;38772;42232;9861;1369;0
16;5;0;0;0;1;0;1;0;0;1;0;20;110;45188;5;3;0;6;5;65261;2263914328;0;0;1;1;1;0;0;2;168;145;5304;2706;29264;6499;29150;2444;4260;41671;61755;63188;86;16954;0
15;6;0;0;0;1;0;1;0;0;1;0;20;14;11606;5;0;0;0;5;25878;718880783;1;0;1;0;0;0;1;2;27;187;49451;32027;36087;54797;38098;2786;59767;40484;48556;55496;41259;58786;0
14;7;0;0;0;1;0;1;0;0;0;1;20;236;16964;0;3;3;7;2;20280;3426559089;1;1;1;0;1;1;0;1;118;58;26104;26963;62534;36830;48154;1276;30227;11623;62359;57624;15319;13917;0
13;0;1;0;0;1;0;1;0;0;1;1;20;118;44686;2;3;1;2;4;47704;3976062554;1;0;1;0;0;0;1;5;117;36;58953;10960;60150;35956;2536;1023;44892;62848;8810;53966;51392;58501;0
12;1;1;0;0;1;0;1;0;0;1;0;20;77;25863;4;1;1;14;4;19846;3169459794;1;1;0;0;0;0;0;1;0;0;0;44232;20605;41857;52487;47296;56186;44094;39104;3091;39513;61571;0
11;2;1;0;0;1;0;1;0;0;0;0;20;0;0;0;0;0;0;0;0;0;0;0;0;0;0;0;0;0;0;0;0;0;0;49152;7132;60894;65;0;0;0;0;0;0
10;3;1;0;0;1;0;1;0;0;0;0;20;0;0;0;0;0;0;0;0;0;0;0;0;0;0;0;0;0;0;0;0;0;0;0;0;0;16384;29933;0;0;0;0;0
7;6;1;0;0;1;0;1;0;0;1;1;20;140;58015;6;1;2;2;0;62219;1998545248;0;0;0;1;0;1;1;3;58;129;62857;65037;25202;47485;19701;19071;30719;25905;49695;2008;18848;1422;0
6;7;1;0;0;1;0;1;0;0;0;1;20;143;10357;6;3;1;7;12;6758;1429597304;0;1;1;0;1;1;1;6;10;102;21248;51416;11855;55217;61495;21456;4593;41917;7420;29987;33701;38591;0
5;0;0;1;0;1;0;1;0;0;1;0;21;172;46427;3;3;3;12;9;37005;10791933;1;1;1;0;1;0;1;5;173;151;2633;47107;34606;15643;12163;16919;1563;13549;16318;63816;20621;20605;0
4;1;0;1;0;1;0;1;0;0;0;0;21;43;34991;6;0;2;2;12;20948;1726775326;0;0;1;0;0;1;0;7;10;77;55210;32462;16087;1988;41316;10317;60937;27544;58140;7414;64752;8432;0
3;2;0;1;0;1;0;1;0;0;1;1;21;147;29427;0;0;1;5;2;16203;948325944;1;1;0;1;0;1;0;4;192;112;29344;64439;62007;30727;63470;52496;54197;65035;33752;31713;60915;29907;0
2;3;0;1;0;1;0;1;0;0;0;1;21;32;1975;3;3;2;1;11;35532;148237404;0;0;1;0;0;0;1;2;83;110;47526;12077;4419;48518;36059;42049;6058;40653;27822;3145;10827;56342;0
1;4;0;1;0;1;0;1;0;0;1;0;21;238;40759;4;0;2;15;9;21458;1694601934;1;0;1;1;0;1;1;7;31;106;57682;15156;62494;23742;11268;4898;46881;41222;4511;42222;10544;23234;0
0;5;0;1;0;1;0;1;0;0;1;1;21;252;5414;4;1;1;11;13;1072;3592389271;1;0;1;1;1;1;0;4;229;88;15391;51915;40854;37870;53087;4341;651;0;32768;15411;63195;13703;0
31;5;0;1;0;1;0;1;0;0;0;0;21;144;39012;5;0;2;2;9;65165;2777320648;0;0;1;1;0;1;0;1;123;240;18507;18273;40112;17035;10216;18210;19907;37098;51772;16846;5013;64715;0
30;6;0;1;0;1;0;1;0;0;1;1;21;133;57325;7;1;1;13;10;47049;1122864903;1;1;1;1;0;1;1;1;201;68;4708;18091;45664;30989;21524;1325;18545;17418;33044;6473;63928;10029;0
29;7;0;1;0;1;0;1;0;0;0;1;21;251;56992;3;3;1;5;0;30144;4034538512;0;1;0;1;1;1;1;1;152;118;33892;12332;9813;63155;5129;3147;55758;62367;943;27561;6279;37558;0
28;0;1;1;0;1;0;1;0;0;0;1;21;6;28897;0;3;0;10;6;63780;3230945485;0;0;1;0;0;0;0;3;65;189;1287;2104;45319;12785;47361;18099;57047;47206;62464;33096;8759;61519;0
27;1;1;1;0;1;0;1;0;0;1;0;21;156;7771;3;0;2;4;12;36723;2113458644;0;1;0;1;0;0;0;4;110;227;0;0;0;0;0;0;0;0;0;0;0;0;0
26;2;1;1;0;1;0;1;0;0;0;0;21;0;0;0;0;0;0;0;6541;0;0;0;0;0;0;0;0;0;0;0;0;0;0;0;0;0;0;0;0;0;0;0;0
25;3;1;1;0;1;0;1;0;0;0;0;21;0;0;0;0;0;0;0;0;0;0;0;0;0;0;0;0;0;0;0;0;0;0;0;0;0;0;0;0;0;65472;28284;0
24;4;1;1;0;1;0;1;0;0;0;0;21;8;282;7;0;0;0;0;65263;4263984349;1;1;1;0;1;1;1;1;180;222;49005;7651;25446;46609;32326;18418;16103;37237;48637;62311;30585;32475;0
23;5;1;1;0;1;0;1;0;0;0;0;21;92;31615;1;1;1;12;7;12702;594908854;1;1;1;1;0;0;0;2;250;146;32649;32671;57234;40957;63456;46576;19944;1610;50170;30829;65510;37213;0
22;6;1;1;0;1;0;1;0;0;0;1;21;191;53866;3;3;3;6;15;48645;1067482463;1;1;0;1;1;1;1;1;99;18;42331;11042;1205;57130;56781;2524;32679;1022;45993;34725;45983;46825;0
21;7;1;1;0;1;0;1;0;0;0;1;21;105;1629;2;0;1;4;11;23092;3426822410;1;0;0;1;0;0;1;2;177;100;5254;27429;33117;31830;33902;27579;51362;64910;65391;18894;29518;32357;0
20;0;0;0;1;1;0;1;0;0;1;0;22;101;41732;1;2;0;13;0;12309;2654376763;1;1;1;0;0;0;0;2;119;30;32915;30101;11703;4021;60426;13554;25909;5949;45894;359;45828;31234;0
19;1;0;0;1;1;0;1;0;0;0;1;22;69;18775;6;1;3;5;7;8404;2978367398;1;1;1;1;0;1;1;5;9;157;52488;5998;4829;43504;53971;48114;42937;60895;34031;26890;50813;2952;0
18;2;0;0;1;1;0;1;0;0;1;1;22;36;20613;1;0;0;1;11;44896;4100534772;1;1;1;0;0;0;1;7;219;177;49671;34978;41943;16050;28774;51304;38004;42405;38884;22712;14469;17040;0
17;3;0;0;1;1;0;1;0;0;0;0;22;153;53081;2;1;1;8;5;49810;3796676952;0;1;1;0;1;0;1;3;239;54;20036;24198;30449;29479;22448;6047;57595;40431;50520;46285;49643;55703;0
16;4;0;0;1;1;0;1;0;0;0;0;22;154;63197;6;2;1;9;11;11806;2256728626;1;1;1;0;0;0;0;7;249;130;1893;56399;13283;29534;16164;2594;44643;16390;61971;14111;6140;24977;0
15;5;0;0;1;1;0;1;0;0;0;1;22;179;3924;0;1;3;7;13;43558;2211363782;1;0;0;1;1;0;1;7;91;102;59755;18720;12373;50362;15284;21913;3734;36000;55777;44296;26361;9997;0
14;6;0;0;1;1;0;1;0;0;0;0;22;206;37620;6;3;3;9;14;221;3632117666;1;1;1;1;0;1;1;2;185;156;4281;25242;30403;43303;23623;33528;26731;39408;27668;30759;1039;41099;0
13;7;0;0;1;1;0;1;0;0;0;1;22;176;45204;5;2;0;12;1;65376;4148945378;0;1;1;0;1;1;1;6;9;153;43856;46426;4707;22767;23752;34291;3165;64621;40656;17952;59589;13326;0
12;0;1;0;1;1;0;1;0;0;0;0;22;14;45900;7;1;0;10;15;27007;1974152838;1;0;1;1;1;0;0;1;141;199;22580;59652;50655;24721;21835;0;0;0;0;0;0;0;0
11;1;1;0;1;1;0;1;0;0;0;0;22;0;0;0;0;0;0;0;56993;3331007188;1;1;1;0;1;0;1;1;7;57;5172;29573;47595;54634;0;0;0;0;0;0;0;0;0
10;2;1;0;1;1;0;1;0;0;0;0;22;0;0;0;0;0;0;0;0;0;0;0;0;0;0;0;0;0;0;0;0;0;0;0;0;0;0;0;0;0;0;0;0
9;3;1;0;1;1;0;1;0;0;0;0;22;161;23;3;2;2;10;15;8892;3636459999;0;1;1;1;0;0;0;7;11;215;48867;64042;64635;63507;40614;11943;61909;41631;9999;40447;33151;38239;0
8;4;1;0;1;1;0;1;0;0;0;1;22;226;58863;4;3;3;11;0;37457;3364580860;0;1;1;0;1;1;0;0;239;191;15563;11691;14226;41455;43375;60242;27023;27002;22607;53235;47095;9253;0
7;5;1;0;1;1;0;1;0;0;1;1;22;15;64415;7;3;2;10;15;62891;4078753494;1;1;1;1;0;0;1;1;243;28;15810;49039;33842;48892;40339;47446;9903;27463;53166;41458;15614;65303;0
6;6;1;0;1;1;0;1;0;0;0;1;22;73;1074;6;0;2;15;7;54466;534070294;1;1;0;0;1;0;1;3;27;250;326;64514;58756;53172;60830;64829;63967;32052;52204;4788;13558;65254;0
5;7;1;0;1;1;0;1;0;0;0;0;22;67;39758;7;3;2;1;1;30692;4052105868;1;0;0;0;0;0;0;1;51;19;48636;7888;64478;18803;41165;16799;28406;60203;22783;13470;44784;7101;0
4;0;0;1;1;1;0;1;0;0;1;1;23;21;47334;2;2;0;8;11;1800;2603372459;0;1;1;0;1;1;0;7;81;179;13560;12647;16279;9746;25462;18431;30313;36881;10103;37946;34885;35642;0
3;1;0;1;1;1;0;1;0;0;1;0;23;212;60281;3;2;1;2;11;14402;3360757561;0;1;0;1;0;1;1;5;135;102;38096;56646;56320;17492;3111;26268;10115;60816;57993;49660;27699;3831;0
2;2;0;1;1;1;0;1;0;0;0;0;23;190;42468;3;2;2;9;15;43450;2054150139;1;1;0;1;1;0;1;3;179;176;10769;5389;30776;37323;20641;15395;64462;2707;44098;32851;12612;26004;0
1;3;0;1;1;1;0;1;0;0;0;0;23;0;0;0;0;0;0;0;0;0;0;0;0;0;0;0;0;0;0;0;44920;9;0;0;24260;4;0;0;0;0;0;0;0
0;4;0;1;1;1;0;1;0;0;0;0;23;0;0;0;0;0;0;0;547;131074;0;0;0;0;0;0;0;1;251;231;16;5;3;1220;3544;9910;9;36352;41651;11177;0;47232;0
31;4;0;1;1;1;0;1;0;0;0;0;23;0;0;0;0;0;0;0;57422;3758154065;0;0;0;0;1;0;0;4;51;0;185;0;26432;64563;47180;57233;32776;26836;19056;5;25440;51448;0
30;5;0;1;1;1;0;1;0;0;0;0;23;128;28284;3;2;0;2;0;252;15007818;0;0;0;0;0;0;0;0;19;139;33727;63455;65135;57047;30642;26419;4541;47777;27023;62135;64464;38462;0
29;6;0;1;1;1;0;1;0;0;1;1;23;110;14704;4;3;3;6;11;46746;4282330990;0;1;0;0;0;1;1;2;157;201;63542;54833;12841;63560;44373;38619;6221;24626;34647;53704;12812;55130;0
28;7;0;1;1;1;0;1;0;0;1;0;23;159;42164;6;0;2;4;7;6158;3343580687;0;1;1;1;1;1;1;6;191;11;1009;33279;11135;35967;11128;41307;58830;52643;31724;3677;28573;38348;0
27;0;1;1;1;1;0;1;0;0;0;1;23;251;20223;6;3;1;14;7;5027;2981413065;0;0;1;0;0;1;0;0;226;26;7159;58079;44959;47437;61415;42061;16595;44841;23805;50994;53751;22052;0
26;1;1;1;1;1;0;1;0;0;0;0;23;190;39228;2;2;2;2;13;28613;1543228920;0;1;0;1;1;0;1;4;124;254;64397;2425;34227;45977;25975;34594;60527;48433;60445;63635;27831;2009;0
25;2;1;1;1;1;0;1;0;0;1;1;23;227;2315;4;2;2;12;3;36293;3310812450;1;1;0;0;1;1;1;0;163;31;7837;2075;7364;36872;18463;37744;23553;5220;28650;62458;60597;46390;0
24;3;1;1;1;1;0;1;0;0;0;0;23;147;53687;0;3;3;2;1;47733;2957114658;1;1;0;0;0;0;1;0;40;148;50661;57321;28620;52730;23356;45782;53746;2015;31742;57255;63992;25198;0
23;4;1;1;1;1;0;1;0;0;0;1;23;53;40619;4;3;2;1;15;37707;3697852834;1;1;0;1;0;0;1;1;13;167;50668;17977;46499;62615;48303;37278;63049;41022;14529;34802;55068;64823;0
22;5;1;1;1;1;0;1;0;0;1;0;23;158;52730;0;0;3;15;13;15978;3227484072;1;0;1;1;1;1;1;0;31;189;38904;57712;464;47370;62167;5044;3584;36639;40925;12874;14606;28574;0
21;6;1;1;1;1;0;1;0;0;1;0;23;83;56302;5;2;3;2;15;47482;952568468;1;1;0;1;1;1;0;6;161;86;15278;27530;65233;55793;9996;14714;33504;13014;22229;63057;32515;65006;0
20;7;1;1;1;1;0;1;0;0;1;0;23;240;15010;6;3;3;12;9;10167;1608021842;0;1;1;0;1;0;0;0;37;150;18211;9313;30289;19766;11962;27191;14695;6276;59810;27694;3674;21974;0
19;0;0;0;0;0;1;1;0;0;0;1;24;172;14859;7;3;3;9;13;38920;3975798964;1;0;1;1;0;1;0;1;19;212;2909;10792;22967;47437;34248;34795;24665;17106;14454;45183;54310;62977;0
18;1;0;0;0;0;1;1;0;0;0;0;24;140;18067;6;3;0;1;3;14565;3338524623;1;1;1;0;1;1;1;2;189;236;37934;62075;40804;55256;43614;14187;18511;61274;32715;25353;38299;17950;0
17;2;0;0;0;0;1;1;0;0;1;1;24;1;7556;2;1;3;4;7;21852;2795923098;1;0;1;1;0;0;0;3;63;182;17885;51002;30798;22259;14214;17137;3972;55422;24941;62926;325;33666;0
16;3;0;0;0;0;1;1;0;0;1;0;24;201;30788;5;3;2;7;6;1569;3310991820;1;0;0;1;1;0;0;5;148;82;16679;53963;44242;65505;52277;44299;750;40100;46411;1972;20625;45454;0
15;4;0;0;0;0;1;1;0;0;1;0;24;68;3857;4;2;0;0;13;50015;626396302;1;1;1;0;0;1;0;1;132;12;15567;38728;47451;772;60265;54929;17525;34845;60958;19499;45199;31597;0
14;5;0;0;0;0;1;1;0;0;0;1;24;96;41832;7;1;1;5;10;63;428716755;1;0;1;1;0;0;0;1;102;234;18156;41033;60594;64941;2;0;0;0;0;0;0;0;0
13;6;0;0;0;0;1;1;0;0;0;0;24;0;0;0;0;0;0;0;0;0;0;0;0;0;0;0;0;0;0;0;0;0;0;0;0;0;0;0;0;0;0;0;0
12;7;0;0;0;0;1;1;0;0;0;0;24;0;0;0;0;0;0;0;0;0;0;1;1;0;1;0;0;0;0;5;0;0;0;0;0;0;0;32768;63864;28284;11425;547;0
11;0;1;0;0;0;1;1;0;0;0;0;24;244;30;7;3;1;12;14;28146;3000824627;0;0;1;1;1;0;0;2;200;205;50746;38580;42379;34695;20055;7889;31525;37823;56655;63491;48718;31690;0
10;1;1;0;0;0;1;1;0;0;1;0;24;235;48817;0;3;3;9;2;50051;1119342562;0;1;1;1;0;1;0;6;183;80;29088;62376;2150;35429;34405;16565;49223;20220;5054;48866;16771;37611;0
9;2;1;0;0;0;1;1;0;0;1;0;24;228;36829;6;3;2;11;2;63068;187469161;1;0;1;1;0;1;0;0;138;90;10653;16117;61295;62071;25249;36747;47823;30573;29084;20299;58415;6832;0
8;3;1;0;0;0;1;1;0;0;0;1;24;234;64911;3;2;2;15;0;14198;2665164480;1;0;1;1;0;0;1;1;174;182;41845;28151;28420;27722;25410;48255;58607;64467;4253;51199;6587;10255;0
7;4;1;0;0;0;1;1;0;0;1;0;24;22;1347;2;0;3;4;4;11103;3530825624;0;0;0;1;0;1;0;3;56;155;29471;51881;50860;52897;8603;10644;6550;29086;541;2926;63589;58881;0
6;5;1;0;0;0;1;1;0;0;0;0;24;244;45905;1;2;3;10;0;52011;4188651509;0;1;1;0;0;1;0;2;178;223;62091;2792;35384;19206;52134;48998;57137;5767;32110;26262;62457;15566;0
5;6;1;0;0;0;1;1;0;0;1;0;24;13;39499;7;2;3;14;6;59590;86620843;1;0;0;0;1;0;1;5;245;175;50392;4810;18380;42910;38729;22327;31915;14205;20283;40927;26447;48736;0
4;7;1;0;0;0;1;1;0;0;1;0;24;235;49871;6;0;3;7;2;63484;1785503541;0;0;0;1;1;0;1;4;214;75;62431;35247;43979;61202;58080;45374;26362;48235;5443;44468;2898;15801;0
3;0;0;1;0;0;1;1;0;0;1;0;25;196;39048;5;3;1;3;9;57164;1886075849;0;1;0;0;0;0;1;1;79;1;14553;31673;11853;64800;6041;60622;18082;31634;3894;64855;30067;31799;0
2;1;0;1;0;0;1;1;0;0;1;1;25;87;14612;1;1;0;14;0;40917;526865881;1;0;1;0;0;1;0;3;131;66;49994;51440;16187;63204;478;36273;4762;47774;37220;52347;34165;2343;0
1;2;0;1;0;0;1;1;0;0;0;1;25;89;51107;1;3;0;7;11;21908;246365329;0;0;1;0;0;1;1;4;97;184;28858;63691;9843;29701;3408;63530;24165;52776;37992;36125;55933;47296;0
0;3;0;1;0;0;1;1;0;0;0;0;25;65;0;7;0;3;13;0;36580;1438303412;0;1;0;0;1;0;1;3;211;205;42980;5089;44403;63958;13484;59361;26371;20467;10181;21784;6836;43843;0
31;3;0;1;0;0;1;1;0;0;0;1;25;245;32441;4;1;3;2;12;54226;485886238;1;0;1;1;1;1;1;0;128;255;1298;4546;12837;30644;45226;55108;40155;56872;28703;40302;23455;63243;0
30;4;0;1;0;0;1;1;0;0;0;1;25;95;37316;6;2;3;14;13;0;0;0;0;0;0;0;0;0;0;0;0;0;0;0;0;0;0;0;0;0;0;0;45056;0
29;5;0;1;0;0;1;1;0;0;0;0;25;87;0;0;0;0;0;0;0;0;0;0;0;0;0;0;0;0;0;0;0;0;0;0;0;0;0;0;0;0;0;0;0
28;6;0;1;0;0;1;1;0;0;0;0;25;0;0;0;0;0;0;0;0;65280;0;0;1;1;1;0;0;4;44;161;547;290;20;57;272;63752;296;71;16;9176;2975;61983;0
27;7;0;1;0;0;1;1;0;0;1;0;25;176;39919;3;2;0;14;3;9279;318561855;1;1;1;1;1;0;0;7;119;71;47228;32073;64654;62857;31835;16256;47084;37112;51647;24366;46431;4426;0
26;0;1;1;0;0;1;1;0;0;0;0;25;158;59510;2;1;2;7;12;64861;1169085543;0;0;1;0;0;0;1;3;171;166;6123;63352;59839;35077;3038;47539;58567;25946;7629;58074;58463;64731;0
25;1;1;1;0;0;1;1;0;0;1;1;25;150;48066;1;0;0;6;5;52327;322141219;1;0;1;0;0;1;1;1;187;112;36183;63966;57316;15799;43237;55056;8081;27586;62246;45928;55052;25828;0
24;2;1;1;0;0;1;1;0;0;1;1;25;59;27454;3;0;3;7;3;30348;2065096006;0;1;1;1;1;1;1;1;95;153;53603;52422;20954;34773;35307;39420;35257;44300;23675;15533;34672;22517;0
23;3;1;1;0;0;1;1;0;0;0;1;25;254;24878;6;3;3;9;1;59852;1979173044;0;1;1;0;1;1;1;7;233;130;7872;44655;43542;64880;32966;45297;5021;17791;22843;31707;53063;63759;0
22;4;1;1;0;0;1;1;0;0;0;0;25;176;22153;4;1;1;0;4;59421;3960241189;1;0;1;0;1;1;0;6;143;137;23668;58681;5927;38104;10599;13197;17814;33906;61385;35333;58258;10746;0
21;5;1;1;0;0;1;1;0;0;0;0;25;20;45766;2;0;3;10;2;28875;2939572077;1;0;0;1;1;1;1;7;208;68;42507;12391;63536;42064;8379;27051;61899;37803;18758;64865;55020;164;0
20;6;1;1;0;0;1;1;0;0;0;0;25;17;12762;4;2;3;14;2;13097;1355010917;1;1;1;1;1;0;0;4;194;102;55303;30933;60811;8943;2615;15083;23609;6211;53294;15038;26696;22375;0
19;7;1;1;0;0;1;1;0;0;0;0;25;37;25241;1;2;1;8;4;31288;305954242;1;1;0;1;1;0;1;5;129;5;2751;46559;5032;34200;4106;29114;36299;55049;61932;58302;10806;34943;0
18;0;0;0;1;0;1;1;0;0;0;1;26;49;26167;1;1;2;6;8;51814;658001905;0;1;0;0;1;0;0;2;25;146;34122;44122;61683;6098;23129;30851;27555;20776;15467;59873;53099;40987;0
17;1;0;0;1;0;1;1;0;0;1;1;26;103;8895;4;3;3;0;3;25473;1060563449;1;0;0;1;1;1;0;5;210;2;60627;38096;39885;25918;42453;7990;49712;51896;55089;55250;5668;62245;0
16;2;0;0;1;0;1;1;0;0;1;1;26;124;37390;0;3;2;10;13;448;2051398811;1;1;1;0;1;0;1;5;36;164;60545;23378;5836;52424;58663;43765;42621;34648;14931;54997;39325;25672;0
15;3;0;0;1;0;1;1;0;0;0;1;26;13;5594;3;3;2;1;6;59433;3691169631;1;0;1;0;0;1;1;0;72;206;9556;46369;27901;28546;11033;20275;34631;14703;54637;63489;15825;54984;0
14;4;0;0;1;0;1;1;0;0;1;1;26;39;5839;0;0;0;0;2;2203;1596814356;0;0;0;1;0;0;0;5;95;172;7156;59548;18303;61267;26962;29015;21696;0;0;0;0;0;0
13;5;0;0;1;0;1;1;0;0;0;0;26;0;0;0;0;0;0;0;0;0;0;1;1;0;0;1;1;4;212;234;42471;12118;857;0;0;0;0;0;0;0;0;0;0
12;6;0;0;1;0;1;1;0;0;0;0;26;0;0;0;0;0;0;0;0;0;0;0;0;0;0;0;0;0;0;0;0;0;0;0;0;0;0;0;0;0;0;0;0
11;7;0;0;1;0;1;1;0;0;0;0;26;0;547;6;1;0;0;0;275;2041037;1;0;1;0;0;0;0;7;207;223;61471;32462;65037;21070;36611;26642;37662;17438;3022;59912;18212;64462;0
10;0;1;0;1;0;1;1;0;0;1;1;26;207;65399;3;0;1;7;6;65390;2386970598;1;0;0;0;0;1;1;2;127;60;65176;54132;62655;47051;32189;61045;44235;52656;4006;19792;18849;48834;0
9;1;1;0;1;0;1;1;0;0;0;0;26;210;54751;6;1;2;5;13;7325;2591653745;1;0;0;0;0;1;1;7;189;179;35551;27303;4057;57636;51410;64973;49037;13300;1631;21830;55150;39788;0
8;2;1;0;1;0;1;1;0;0;0;1;26;118;27580;7;2;3;13;11;52334;1816969901;0;0;1;1;1;0;1;6;208;198;40863;5773;6030;52344;28008;43992;15393;56924;38545;12392;28738;5064;0
7;3;1;0;1;0;1;1;0;0;0;1;26;192;26623;1;1;3;12;10;48505;3436570480;0;0;1;0;0;0;0;7;116;182;28588;31528;56299;14762;1260;59280;53281;26339;6101;48296;49110;23387;0
6;4;1;0;1;0;1;1;0;0;1;1;26;28;3729;5;3;0;5;9;31868;1604338999;0;0;1;1;0;0;1;2;178;102;11571;4300;31876;11242;30544;55604;6260;27844;38819;20999;41410;55150;0
5;5;1;0;1;0;1;1;0;0;0;1;26;77;7631;2;2;0;7;2;14392;1398068547;1;0;1;0;1;0;1;0;64;205;48376;7448;16457;10546;49334;29217;4986;31310;22487;22456;49054;13357;0
4;6;1;0;1;0;1;1;0;0;1;1;26;80;61260;6;1;1;14;9;29888;1936298888;1;0;0;1;1;1;1;1;182;205;7722;49270;58710;46542;25714;54249;51566;30758;32523;41780;33562;33898;0
3;7;1;0;1;0;1;1;0;0;1;0;26;154;43957;5;3;1;4;3;28771;1558913220;1;1;0;1;1;1;0;2;61;14;17607;64884;64326;65265;33434;57007;49436;64573;776;15600;20713;20673;0
2;0;0;1;1;0;1;1;0;0;1;1;27;162;46285;2;1;3;4;13;22925;3889705849;1;0;1;1;0;0;1;1;127;118;27498;21332;49326;31791;56470;60560;5674;28475;58010;48849;8538;44360;0
1;1;0;1;1;0;1;1;0;0;0;0;27;121;36897;4;0;0;1;10;5433;4121387998;0;1;0;1;1;1;0;7;20;129;40632;52347;58459;15742;44683;27775;57095;42494;50898;49739;7702;61231;0
0;2;0;1;1;0;1;1;0;0;0;1;27;36;14265;7;0;3;15;10;57900;2298793569;1;1;0;1;0;0;0;7;190;217;55070;34556;10504;11593;44957;28611;29040;45444;34386;50913;3844;52571;0
31;2;0;1;1;0;1;1;0;0;1;1;27;158;25884;6;2;3;2;7;1402;160601561;1;0;1;1;1;1;1;5;209;29;41829;46422;39592;42381;30759;13695;39777;40329;14006;51572;41560;53363;0
30;3;0;1;1;0;1;1;0;0;0;1;27;62;19638;4;1;0;13;4;3738;1628713049;1;0;0;1;0;1;1;3;77;85;39694;21939;55420;4999;31623;16187;15378;36550;52567;20568;32841;59672;0
29;4;0;1;1;0;1;1;0;0;0;0;27;254;20928;6;0;1;10;5;47473;24621970;1;1;1;0;0;1;1;5;20;227;0;0;0;0;0;0;0;0;0;0;0;0;0
28;5;0;1;1;0;1;1;0;0;0;0;27;0;0;0;0;0;0;0;0;0;0;0;0;0;0;0;0;0;0;0;0;0;0;0;0;0;0;0;0;0;0;0;0
27;6;0;1;1;0;1;1;0;0;0;0;27;0;0;0;0;0;0;0;0;0;0;0;0;0;0;0;0;0;0;0;0;0;0;0;0;0;49152;28284;11425;547;292;18;0
26;7;0;1;1;0;1;1;0;0;0;0;27;56;57247;7;2;0;3;10;15603;960564355;0;0;0;0;0;0;1;7;26;80;8568;12016;54074;4913;33998;47493;40446;57967;64503;63995;31821;9946;0
25;0;1;1;1;0;1;1;0;0;1;1;27;228;26722;6;0;0;2;13;65531;1608722384;1;0;0;1;1;0;1;0;142;208;24743;44414;61512;26559;63989;61599;4859;36626;34049;19752;59357;5994;0
24;1;1;1;1;0;1;1;0;0;1;0;27;63;53841;3;0;2;1;2;18005;808803642;1;0;0;1;0;1;1;5;231;223;5932;65241;21273;42925;17847;37371;60587;40666;30257;31103;64706;62517;0
23;2;1;1;1;0;1;1;0;0;0;0;27;192;62144;3;1;3;0;2;31889;3671547837;1;0;1;0;0;0;1;6;138;215;59704;52554;45540;21885;35352;63751;303;34555;60654;25958;3396;37638;0
22;3;1;1;1;0;1;1;0;0;0;1;27;93;46528;2;2;3;12;12;20758;3559902613;0;1;1;1;0;0;1;5;62;126;8095;9187;18420;51037;20510;41498;36595;44024;30525;36241;55618;14009;0
20;5;1;1;1;0;1;1;0;0;0;0;27;163;14164;6;1;2;6;6;62280;3292730320;1;0;1;1;1;0;0;3;56;139;8048;24806;22394;12822;47846;60229;23285;40442;27680;18079;13339;20626;0
19;6;1;1;1;0;1;1;0;0;0;0;27;171;1262;5;1;1;5;7;63258;836823704;0;0;0;0;0;0;0;1;157;217;58752;65531;36163;12233;50174;5068;144;50548;5606;32615;26160;49728;0
18;7;1;1;1;0;1;1;0;0;1;0;27;193;747;6;3;2;12;4;11473;3047037678;0;0;0;0;1;0;0;3;226;79;32260;48607;45676;63904;17604;37794;56149;58700;59750;8298;25460;25387;0
17;0;0;0;0;1;1;1;0;0;0;0;28;92;2822;7;2;2;13;0;48817;3267282976;0;1;0;1;1;0;1;4;155;5;2443;25004;61209;45360;50076;51771;13123;31420;18856;30472;54198;48073;0
16;1;0;0;0;1;1;1;0;0;1;0;28;82;32349;6;0;2;8;4;31556;1800326200;1;1;0;1;1;0;1;2;129;62;30059;28868;52694;18171;24695;50707;29258;23128;4060;12853;38010;25028;0
15;2;0;0;0;1;1;1;0;0;0;0;28;178;47757;1;2;1;0;15;27583;3866162007;1;1;1;1;0;1;0;5;212;255;65527;63691;50566;63356;26661;42738;55116;36729;64971;36284;58205;49921;0
14;3;0;0;0;1;1;1;0;0;1;0;28;0;2372;6;1;1;7;1;45726;2544115565;0;1;0;1;0;0;0;3;216;162;16652;47088;51803;15623;48144;624;43956;29778;18645;36054;45142;57095;0
13;4;0;0;0;1;1;1;0;0;0;1;28;82;24890;0;3;0;4;8;39735;1174822366;0;0;1;1;1;0;1;1;189;168;56540;17095;9485;4068;42380;21270;5533;63946;58072;4633;60195;47037;0
12;5;0;0;0;1;1;1;0;0;1;1;28;243;20401;1;0;3;14;13;36047;1855961584;0;1;0;1;1;0;1;6;26;184;24956;8418;26424;49507;41541;10352;46355;53929;45074;29306;3582;28;0
11;6;0;0;0;1;1;1;0;0;0;0;28;0;0;0;0;0;0;0;0;0;0;0;0;0;0;0;0;0;0;0;0;0;0;47688;39189;18375;13650;1113;62754;7377;941;0;0
10;7;0;0;0;1;1;1;0;0;0;0;28;0;0;0;0;0;0;0;0;0;0;0;0;0;0;0;0;0;0;0;0;0;0;0;0;0;0;0;0;0;0;0;0
9;0;1;0;0;1;1;1;0;0;0;0;28;0;0;0;0;0;0;0;0;1853631649;0;0;0;0;1;0;0;3;1;37;14;53;279;63764;287;63;20;11010;35519;57302;28662;23541;0
8;1;1;0;0;1;1;1;0;0;1;0;28;252;58168;7;0;2;8;15;61701;3536980396;1;1;1;1;0;1;0;2;221;146;15998;28545;62610;54335;1255;18160;9775;65258;48737;14891;48861;40301;0
7;2;1;0;0;1;1;1;0;0;0;1;28;96;27368;6;0;1;8;3;4070;4212056441;1;1;0;1;0;1;1;4;219;25;32228;18669;4168;17299;61488;32225;6091;14573;34426;45672;53582;52292;0
6;3;1;0;0;1;1;1;0;0;1;0;28;61;46207;0;1;3;3;6;5972;1713929976;1;0;0;1;1;1;0;4;193;96;33097;62776;16114;35810;39099;21130;23841;28006;23962;52836;34783;58681;0
5;4;1;0;0;1;1;1;0;0;0;0;28;151;35015;6;3;2;12;9;21795;248440183;0;1;1;0;1;1;1;0;61;81;63195;31899;54708;22989;3356;582;42585;19060;42352;31884;4600;30709;0
4;5;1;0;0;1;1;1;0;0;1;1;28;18;45006;6;2;2;9;12;28486;1930947015;1;1;1;0;1;0;1;0;238;111;47071;11770;36071;26229;35988;56535;43799;35111;4791;37698;56160;26047;0
3;6;1;0;0;1;1;1;0;0;1;1;28;196;38524;6;3;0;3;8;8329;4095465556;1;0;0;1;1;1;0;6;61;187;24873;29652;60596;31608;19134;58103;18045;15723;51310;57856;35900;5596;0
2;7;1;0;0;1;1;1;0;0;1;1;28;188;59474;6;1;2;3;8;28411;3034557578;0;1;0;1;0;1;1;2;98;229;25030;42327;32710;22015;3926;25968;2317;29421;33032;48768;45869;10711;0
1;0;0;1;0;1;1;1;0;0;0;0;29;165;62440;0;1;1;5;9;25699;294221262;0;1;1;0;0;1;0;6;194;103;42864;12945;49592;52697;3658;41343;44300;54322;48473;4097;3836;35082;0
0;1;0;1;0;1;1;1;0;0;1;0;29;168;50543;2;0;0;11;1;52360;859988490;0;0;1;0;0;1;0;7;227;116;34253;37657;38295;4713;14703;19078;58267;41630;14286;30185;40975;56676;0
31;1;0;1;0;1;1;1;0;0;0;1;29;21;40074;3;0;1;14;8;1396;199777176;0;1;1;1;0;0;1;2;229;247;22781;51480;30657;806;46195;64578;31876;27580;37762;65137;47717;11888;0
30;2;0;1;0;1;1;1;0;0;1;0;29;145;21245;3;1;3;1;2;27762;238190933;0;1;1;0;0;0;1;0;103;148;48868;30139;25996;60966;53419;174;8822;56004;10130;52821;61730;56313;0
29;3;0;1;0;1;1;1;0;0;1;0;29;109;10026;0;3;3;15;11;42361;1815282246;1;1;1;1;0;0;1;2;236;29;39969;33733;17450;14492;16659;612;30220;56414;29016;37200;6615;63082;0
28;4;0;1;0;1;1;1;0;0;0;1;29;195;52535;5;0;3;5;14;19075;1541985751;0;0;0;0;1;1;0;3;203;71;50703;64395;23478;16258;7067;644;0;0;0;55808;30250;55409;0
27;5;0;1;0;1;1;1;0;0;1;0;29;233;45794;0;3;3;11;8;20863;291965199;0;0;0;0;0;0;0;0;0;0;0;0;0;0;0;0;0;0;0;0;0;0;0
26;6;0;1;0;1;1;1;0;0;0;0;29;0;50432;5;1;2;5;11;120;0;0;0;0;0;0;0;0;0;0;0;39680;36865;1;0;0;0;0;0;0;0;0;0;0
25;7;0;1;0;1;1;1;0;0;0;0;29;0;0;0;0;0;0;0;0;0;0;0;0;0;0;0;0;0;0;0;0;0;0;0;0;0;0;0;61440;28284;11425;547;0
24;0;1;1;0;1;1;1;0;0;0;0;29;25;7;7;3;3;12;15;40749;3750440523;0;1;0;1;0;1;1;5;228;93;64629;32677;53155;46834;61113;48318;63659;63821;57083;26837;42533;63902;0
23;1;1;1;0;1;1;1;0;0;1;1;29;65;44961;2;3;3;14;15;55194;2860186892;1;1;1;0;1;1;0;1;19;91;42744;45621;4239;26991;46488;63670;58311;3094;6653;23190;58180;56215;0
22;2;1;1;0;1;1;1;0;0;0;1;29;161;54624;5;3;3;8;13;32707;2279606890;1;0;0;0;0;0;0;0;94;78;0;0;0;0;0;0;0;0;0;12208;30857;6719;0
21;3;1;1;0;1;1;1;0;0;0;0;29;0;61;0;0;0;0;0;0;44176;0;0;1;1;1;1;0;4;1;89;0;57030;29754;15377;48049;61615;28284;11425;547;551;2;2;0
20;4;1;1;0;1;1;1;0;0;0;0;29;3;32768;7;1;0;15;1;1506;3984589040;0;0;0;0;0;0;0;0;0;0;0;0;0;0;1264;49222;2;0;53248;16088;14934;0;0
19;5;1;1;0;1;1;1;0;0;1;0;29;111;61440;1;2;2;12;2;46;4199809143;0;0;0;0;0;0;0;1;0;17;5108;39551;62783;61855;64079;64851;42673;46061;50128;6028;51965;49127;0
18;6;1;1;0;1;1;1;0;0;0;1;29;190;18939;7;2;0;1;1;25125;2593880130;1;1;1;1;0;1;1;1;54;5;61556;49135;57329;16367;49399;63575;27011;55284;10619;36182;53186;35391;0
17;7;1;1;0;1;1;1;0;0;1;0;29;82;60254;0;3;0;0;9;58973;3562623268;1;0;0;0;0;0;0;7;70;163;60306;62152;65424;32714;16301;57331;54143;51327;31071;38011;54760;43682;0
16;0;0;0;1;1;1;1;0;0;1;0;30;85;44123;5;1;0;15;15;13065;2293851982;0;0;1;0;0;1;0;4;64;214;32725;16370;36837;53185;55280;17401;20319;53599;17340;35422;63949;61274;0
15;1;0;0;1;1;1;1;0;0;0;0;30;150;63824;5;2;2;2;2;65171;3311271719;0;1;1;1;1;1;0;3;55;4;49262;19663;62293;57278;46781;12398;60558;23748;28114;19449;6535;57341;0
14;2;0;0;1;1;1;1;0;0;1;1;30;250;59148;7;3;1;14;8;17263;2816432290;1;1;1;1;0;1;0;5;79;34;8064;59883;61463;64542;53885;14810;57328;55755;32890;51011;59992;2427;0
13;3;0;0;1;1;1;1;0;0;1;1;30;213;6298;7;3;2;3;7;16449;3790705631;1;1;0;1;0;0;0;2;70;237;24404;8043;2554;56833;21421;32200;52457;22628;5035;10368;26139;61849;0
12;4;0;0;1;1;1;1;0;0;0;1;30;91;52653;1;3;1;14;13;579;1861608828;1;1;1;1;0;1;0;5;248;210;23381;34267;18223;52648;21498;31740;63436;57225;63614;62112;64339;42547;0
11;5;0;0;1;1;1;1;0;0;1;1;30;100;15908;7;0;2;10;10;64657;4004417571;0;0;0;1;0;0;1;7;99;220;28287;38041;53650;45705;24897;29291;42236;8612;16145;36141;22908;58360;0
10;6;0;0;1;1;1;1;0;0;1;0;30;129;63618;0;3;0;4;7;29972;3368588623;1;0;0;1;0;0;1;7;54;119;16032;32607;33243;40557;44955;58710;33016;4;28808;54955;1;39680;0
9;7;0;0;1;1;1;1;0;0;1;0;30;48;31253;0;0;0;0;0;0;0;0;0;0;0;0;0;0;0;0;0;0;0;0;0;0;0;0;29894;1;0;0;0;0
8;0;1;0;1;1;1;1;0;0;0;0;30;0;0;0;0;0;0;0;0;1900544;0;0;0;0;0;0;0;0;0;0;0;65520;28284;11425;547;425;28;53;253;63796;216;41;0
7;1;1;0;1;1;1;1;0;0;0;1;30;223;35070;1;1;0;3;10;3109;3249875447;0;1;0;0;0;0;1;2;142;65;14319;48573;65381;64115;25353;15107;62534;10734;60676;32724;48955;16307;0
6;2;1;0;1;1;1;1;0;0;1;1;30;246;64223;6;0;3;14;9;3055;4244437375;1;1;0;1;0;1;1;6;124;79;37321;17375;33532;46578;1933;59614;30623;16068;37857;56282;4335;47783;0
5;3;1;0;1;1;1;1;0;0;0;1;30;99;65473;7;1;3;15;15;63815;3083539449;1;0;0;0;0;0;0;3;14;44;18426;13867;16646;28549;9469;37503;45375;65467;59039;59828;43169;38772;0
4;4;1;0;1;1;1;1;0;0;1;1;30;231;41850;5;2;0;15;3;60131;3253865835;0;0;0;1;1;1;1;1;219;120;17590;29619;20434;31868;59839;63493;18038;30646;43987;27643;59139;16887;0
3;5;1;0;1;1;1;1;0;0;1;1;30;153;62078;7;1;2;4;11;29405;3120545704;0;1;0;0;0;0;0;6;87;126;28613;9469;44412;41115;14201;41093;61414;50074;32810;35745;48685;44278;0
2;6;1;0;1;1;1;1;0;0;1;0;30;188;63571;2;1;2;13;3;25147;3532435027;1;0;1;1;0;1;0;2;56;248;23363;21580;56606;23012;55973;24801;49103;55209;2050;7673;62053;30290;0
1;7;1;0;1;1;1;1;0;0;0;1;30;219;52553;3;3;0;15;7;47019;3824101308;0;0;0;1;0;1;0;4;59;14;47474;34028;2708;16849;16040;18636;38812;64694;19510;47070;20045;22391;0
0;0;0;1;1;1;1;1;0;0;0;1;31;11;28210;3;0;1;5;13;47608;3291833901;0;1;0;1;0;1;0;0;250;163;33459;5227;39327;51476;54503;16784;25359;53122;14772;27225;1209;5702;0
31;0;0;1;1;1;1;1;0;0;1;0;31;52;24257;2;0;0;13;2;21301;2656423585;1;0;0;1;1;1;1;2;150;126;13396;19593;15923;44959;14062;5042;37878;20796;9467;29180;46422;22012;0
30;1;0;1;1;1;1;1;0;0;1;0;31;210;29823;0;2;2;15;14;57269;2965161266;1;1;0;0;1;0;1;1;20;255;20594;4430;18592;29483;52016;31515;12864;38624;19528;59811;19209;2550;0
29;2;0;1;1;1;1;1;0;0;1;1;31;206;17689;1;1;0;4;7;42388;2124587057;1;1;1;0;0;1;1;1;249;146;28931;63743;19681;7024;25216;56057;35636;39266;49093;52741;11019;21391;0
28;3;0;1;1;1;1;1;0;0;1;1;31;217;18890;3;1;2;8;2;63864;728612539;1;1;1;1;1;1;1;5;124;138;15580;7020;48561;16564;43700;51908;53713;5560;19884;27872;56503;41230;0
27;4;0;1;1;1;1;1;0;0;0;1;31;195;47937;7;1;3;5;12;3278;3542281426;1;0;0;1;1;1;0;3;22;194;33880;50460;10282;52186;33950;39047;15685;46600;65222;49008;57261;15258;0
26;5;0;1;1;1;1;1;0;0;1;1;31;19;9037;1;0;3;9;5;60869;1420774251;1;1;0;0;1;1;1;1;236;188;686;41112;34092;20787;9242;14689;63132;27107;58676;41719;13505;0;0
25;6;0;1;1;1;1;1;0;0;0;1;31;210;33710;2;0;1;3;5;21043;4252762317;0;0;0;0;0;0;0;0;0;0;0;0;0;0;0;0;0;0;0;0;0;0;0
24;7;0;1;1;1;1;1;0;0;0;0;31;0;0;1;1;0;8;0;37120;0;1;0;0;1;0;1;0;4;0;2;0;0;0;0;0;0;49152;21369;27648;925;0;0;0
23;0;1;1;1;1;1;1;0;0;0;0;31;0;0;0;0;0;0;0;0;61440;0;0;1;1;1;0;0;4;44;161;547;298;34;49;118;64024;145;47;37;8417;35967;64563;0
22;1;1;1;1;1;1;1;0;0;1;1;31;254;33924;3;0;0;7;11;22889;2458716669;0;0;1;0;1;0;1;6;229;127;2463;5015;13372;32076;41760;42333;25588;60908;63567;55495;48611;9301;0
21;2;1;1;1;1;1;1;0;0;1;0;31;189;59931;3;3;0;2;13;30689;3813361985;1;1;0;1;0;1;0;7;188;143;2665;56699;51147;1115;59662;43767;60043;1806;24552;45025;47096;40124;0
20;3;1;1;1;1;1;1;0;0;0;1;31;176;50135;7;1;2;11;6;16269;3595082208;0;0;1;1;1;1;0;5;224;174;60191;18934;28374;9103;1981;20320;58614;14749;54358;33743;1778;6183;0
19;4;1;1;1;1;1;1;0;0;0;0;31;231;47859;7;0;0;13;1;39020;1928903678;1;0;0;0;1;1;1;2;94;94;31993;20123;60006;19774;29491;60820;31922;1891;18190;17918;39348;24969;0
18;5;1;1;1;1;1;1;0;0;1;1;31;67;32345;7;2;3;4;7;4387;1234488642;0;0;1;1;0;0;1;6;22;125;25552;14305;41881;29869;27774;31112;49398;28628;22477;27642;48892;31942;0
17;6;1;1;1;1;1;1;0;0;1;1;31;71;63909;1;2;0;3;1;35731;3472277142;1;1;1;0;0;0;0;5;119;66;21554;5620;64401;24843;59262;46267;47150;27139;53534;44818;27660;39551;0
16;7;1;1;1;1;1;1;0;0;0;1;31;37;29073;4;1;2;2;15;50958;3476475714;0;1;0;0;1;1;0;6;61;58;45647;46454;44509;47631;28591;33071;59984;47091;36403;7585;6163;63394;0
15;0;0;0;0;0;0;0;1;0;0;1;32;210;8396;4;2;2;3;7;21276;1320127656;0;0;1;0;1;0;0;4;48;55;4387;51933;39695;29345;43893;34623;9657;13611;32175;42240;37566;60511;0
14;1;0;0;0;0;0;0;1;0;1;1;32;252;9790;0;3;1;5;14;10344;2037186456;1;0;1;1;0;0;0;5;24;197;46049;44626;21791;61295;39926;56837;36018;55901;14067;4334;60981;10404;0
13;2;0;0;0;0;0;0;1;0;1;1;32;85;53198;5;0;1;7;12;51115;2365310138;1;1;1;1;1;1;0;0;155;92;39230;49503;56287;2161;11926;435;21591;40569;39462;20739;37627;10300;0
12;3;0;0;0;0;0;0;1;0;0;1;32;25;48800;2;1;1;12;7;20;0;0;0;0;0;0;0;0;0;0;0;0;0;0;0;0;0;0;0;0;0;0;0;0
11;4;0;0;0;0;0;0;1;0;0;0;32;0;0;0;0;0;0;0;0;0;0;0;0;0;0;0;0;0;0;0;0;0;0;0;0;0;0;0;0;0;65472;28284;0
10;5;0;0;0;0;0;0;1;0;0;0;32;24;144;7;1;0;0;0;32362;1599037169;1;0;1;0;0;0;1;7;179;105;64368;61567;59442;17132;42943;25898;37342;44113;65367;30197;26531;61218;0
9;6;0;0;0;0;0;0;1;0;0;0;32;194;42366;6;3;0;13;7;54217;117719904;1;0;0;0;1;0;1;1;250;149;17712;41768;24433;3852;24748;669;32619;42965;22524;52705;29590;57335;0
8;7;0;0;0;0;0;0;1;0;1;0;32;125;30699;2;2;3;4;9;32951;1627495179;1;0;0;0;0;0;1;0;141;107;18667;27514;42719;2992;8513;6951;3921;37302;34174;54847;7783;19885;0
7;0;1;0;0;0;0;0;1;0;1;0;32;217;51218;5;1;0;0;12;30253;3581878070;1;0;1;1;1;1;1;3;143;232;380;23203;51988;21455;46548;34611;7037;26389;15004;39127;28852;57825;0
6;1;1;0;0;0;0;0;1;0;1;1;32;4;65033;1;3;2;15;14;30907;375067709;0;1;1;1;0;1;0;4;251;94;46845;8202;5846;28181;1832;65030;60315;30023;40471;59866;36788;17033;0
5;2;1;0;0;0;0;0;1;0;1;1;32;39;6807;0;3;2;2;6;57399;2532551749;0;0;0;0;0;1;0;6;113;146;18396;60940;22388;53283;26238;47795;57864;29874;50352;24265;25349;19432;0
4;3;1;0;0;0;0;0;1;0;1;0;32;13;44403;5;1;0;13;15;54247;708823879;1;1;0;0;0;1;1;3;4;103;55221;8111;9709;2416;39444;63976;45099;36847;60153;56969;56373;30165;0
3;4;1;0;0;0;0;0;1;0;1;1;32;60;62607;6;2;3;2;0;9615;4284022853;0;1;1;1;1;1;0;3;240;238;55051;25890;11472;39486;65424;20597;41516;55054;44943;40144;43353;44307;0
2;5;1;0;0;0;0;0;1;0;1;0;32;58;53693;4;2;3;10;5;57051;2050848206;1;1;1;0;1;1;0;1;24;227;46357;57115;11289;62328;14198;33209;20563;52152;16730;55892;27139;19704;0
1;6;1;0;0;0;0;0;1;0;0;1;32;90;16860;1;1;3;7;15;38493;2684608159;0;1;0;0;0;1;0;3;18;160;33391;5567;6287;32253;20699;64363;37442;63268;46235;6159;6012;48748;0
0;7;1;0;0;0;0;0;1;0;1;0;32;245;9975;6;2;3;11;6;41880;953042830;0;0;0;0;0;0;0;5;192;0;29065;151;54230;45332;24776;64248;19913;150;0;64004;59126;25071;0
31;7;1;0;0;0;0;0;1;0;1;0;32;156;0;0;0;0;0;0;0;0;0;0;0;0;0;0;0;0;0;0;0;0;0;0;0;0;0;0;0;0;0;0;0
30;0;0;1;0;0;0;0;1;0;0;0;33;0;0;0;0;0;0;0;0;0;0;0;0;0;0;0;0;0;0;0;49152;28284;11425;547;300;28;59;229;63805;225;61;40;0
29;1;0;1;0;0;0;0;1;0;0;1;33;239;21172;7;2;3;8;4;62121;419356095;1;1;0;0;0;0;1;1;120;167;30875;62139;54732;26011;24124;35371;31294;21884;32576;30652;30452;29823;0
28;2;0;1;0;0;0;0;1;0;1;1;33;19;49355;1;2;2;11;11;55871;1934558144;1;0;1;1;1;0;1;7;120;255;57967;19966;57821;39863;41331;53807;1516;5194;44153;56884;64311;30947;0
27;3;0;1;0;0;0;0;1;0;1;0;33;18;32642;2;2;2;9;11;32326;2872692897;1;1;0;0;0;1;1;4;197;165;54420;58281;15260;8383;29823;6907;55126;35086;40444;16764;15399;2023;0
26;4;0;1;0;0;0;0;1;0;0;1;33;86;41922;5;0;1;9;9;53775;1865563902;0;0;1;1;1;0;0;0;4;168;65048;37821;15717;60342;49798;62008;16251;19166;30780;48648;1618;45095;0
25;5;0;1;0;0;0;0;1;0;0;1;33;22;6818;4;3;1;7;4;54634;1060358095;0;1;0;1;1;0;0;6;250;201;57998;24914;35061;32261;36783;31716;24242;51206;35685;48118;49417;59445;0
24;6;0;1;0;0;0;0;1;0;0;0;33;123;13363;4;0;2;2;10;64415;3476399865;1;1;0;1;0;1;0;7;244;250;18989;21444;11119;31817;44803;49042;57642;36829;28591;1522;2398;30878;0
23;7;0;1;0;0;0;0;1;0;1;1;33;189;8968;1;1;0;5;0;43928;3780729457;0;0;1;1;0;1;1;4;246;73;16786;17072;5587;41813;64912;8995;700;63022;14605;42873;37332;4776;0
22;0;1;1;0;0;0;0;1;0;1;0;33;19;54731;2;0;0;15;15;61494;3941710594;1;1;0;0;0;0;0;6;200;107;37171;24903;34203;6342;12407;924;64552;63735;49266;49348;25263;28459;0
21;1;1;1;0;0;0;0;1;0;1;1;33;172;62280;5;3;2;0;12;61065;711453674;1;1;0;1;1;0;1;1;219;58;53203;51828;53077;42605;41168;33359;26088;47348;59589;58645;5657;2626;0
20;2;1;1;0;0;0;0;1;0;0;1;33;145;41369;7;2;1;1;11;42186;3798450912;1;1;1;0;1;1;1;2;14;56;51029;25517;41003;60676;57877;41953;54551;2614;23057;40385;26516;14292;0
19;3;1;1;0;0;0;0;1;0;0;0;33;201;59681;7;0;2;11;9;40314;3835608583;0;1;1;0;0;1;1;2;101;44;2883;46314;42459;3158;28622;51848;5630;25379;20151;25895;61391;55272;0
18;4;1;1;0;0;0;0;1;0;0;0;33;101;16135;1;0;1;11;15;56248;3154528590;1;1;0;0;1;0;0;7;239;100;38947;49736;57087;46991;21745;2429;32250;61388;36222;63763;56086;15740;0
17;5;1;1;0;0;0;0;1;0;1;0;33;89;3976;4;0;3;15;1;26924;494492075;0;0;1;1;1;0;0;1;157;195;63842;13177;1731;48931;6356;65341;4777;8705;24704;6621;46669;4;0
16;6;1;1;0;0;0;0;1;0;0;1;33;188;40920;4;1;3;2;0;17524;2039000952;0;1;0;1;0;0;1;2;216;194;9509;58793;23692;106;0;0;0;0;0;0;0;0;0
15;7;1;1;0;0;0;0;1;0;0;0;33;0;0;0;0;0;0;0;10445;512986005;0;1;0;1;0;1;0;1;85;101;11196;0;0;0;0;0;0;0;0;0;0;0;0
14;0;0;0;1;0;0;0;1;0;0;0;34;0;0;0;0;0;0;0;0;0;0;0;0;0;0;0;0;0;0;0;0;0;0;0;0;0;0;0;0;0;0;65280;0
11;3;0;0;1;0;0;0;1;0;0;1;34;191;25992;7;2;3;10;13;45870;1339157541;1;1;0;0;1;1;1;5;128;166;56844;50381;59142;54093;40447;31141;56260;16188;57766;20662;63192;9587;0
10;4;0;0;1;0;0;0;1;0;1;0;34;121;13226;4;0;2;6;14;27210;3263570436;1;0;1;0;1;0;0;4;19;221;12906;11637;45744;29318;55452;3345;18486;50026;28783;38072;58399;22814;0
9;5;0;0;1;0;0;0;1;0;1;1;34;199;64975;1;0;2;12;14;64379;3594287099;1;1;1;0;0;0;1;6;179;57;6377;5802;48968;34800;33788;37820;65512;45108;36687;46459;12556;12277;0
8;6;0;0;1;0;0;0;1;0;1;1;34;133;21688;0;0;3;5;13;9358;3459519134;0;1;1;1;0;1;0;5;87;159;43570;20373;43435;46755;64734;44026;16265;9725;46620;34525;29165;28693;0
7;7;0;0;1;0;0;0;1;0;0;0;34;80;8334;0;0;3;8;13;49682;814472101;0;0;1;1;0;1;0;7;194;202;35817;4463;31407;38851;52694;25632;63344;59244;22756;46846;25702;7519;0
6;0;1;0;1;0;0;0;1;0;0;0;34;107;38829;3;2;0;15;7;45681;4061870425;1;1;1;0;1;1;0;1;197;157;50141;4718;7867;14005;34866;52570;36972;50065;31917;5764;40773;60016;0
5;1;1;0;1;0;0;0;1;0;1;1;34;41;27320;6;3;1;4;1;15338;1776018601;0;1;0;0;0;1;0;0;150;118;28877;40831;24386;53140;54610;50237;63206;60977;58121;44711;62240;34127;0
4;2;1;0;1;0;0;0;1;0;0;0;34;192;1059;4;2;3;8;1;7531;2741796338;1;1;0;1;0;1;0;6;83;208;7048;3425;11479;10030;15710;56491;50793;62571;33332;1769;14705;58609;0
1;5;1;0;1;0;0;0;1;0;0;0;34;0;0;0;0;0;0;0;0;0;0;0;0;0;0;0;0;0;248;0;28284;11425;547;558;2;5;10;64490;12;3;2;1310;0
31;6;1;0;1;0;0;0;1;0;0;1;34;47;0;2;0;2;4;5;28284;35848751;0;0;0;0;0;0;0;2;0;2;6;64499;9;4;2;1162;0;0;0;0;0;0;0
29;0;0;1;1;0;0;0;1;0;1;0;35;35;8;1;0;0;0;0;0;0;0;0;0;0;0;0;0;0;64;0;25616;0;8324;5;0;0;180;7;0;0;0;0;0
28;1;0;1;1;0;0;0;1;0;0;0;35;228;49081;3;0;0;0;0;35950;11796480;1;1;1;1;1;1;1;6;110;124;11425;547;561;12;8;39;64391;31;8;8;2700;48895;0
27;2;0;1;1;0;0;0;1;0;1;1;35;236;16355;6;3;3;7;8;24213;2974277558;1;0;0;0;0;1;0;3;254;125;36207;57279;36838;46050;45235;21986;860;65079;32684;57286;24054;33246;0
25;4;0;1;1;0;0;0;1;0;1;1;35;134;24363;3;1;1;2;5;25137;2327012356;1;1;0;0;0;1;0;6;240;117;42472;54876;44483;50517;13882;0;0;0;11264;40605;470;1;0
24;5;0;1;1;0;0;0;1;0;0;0;35;0;39733;0;3;0;13;1;16720;0;0;0;0;0;0;0;0;0;92;104;31540;55296;18616;11867;6649;1;0;0;0;0;0;64942;0
23;6;0;1;1;0;0;0;1;0;0;0;35;50;64392;5;0;0;0;0;32095;1979174671;1;1;1;0;0;1;0;5;54;125;61158;32265;16299;52824;41814;16105;31885;19519;23547;25339;30411;7126;0
22;7;0;1;1;0;0;0;1;0;0;1;35;62;25613;7;3;2;8;6;9199;3374515747;1;0;1;0;0;0;0;2;126;181;8115;3988;342;35473;16369;13873;33055;42604;40244;58759;26527;17295;0
21;0;1;1;1;0;0;0;1;0;0;0;35;206;1644;1;3;1;9;12;14364;1574474299;0;1;1;1;0;1;1;5;223;173;23143;55389;32733;26;8192;59836;15937;19463;892;55919;45774;62692;0
20;1;1;1;1;0;0;0;1;0;1;1;35;0;0;0;0;0;0;0;16384;0;0;0;0;0;0;0;0;0;0;0;0;0;0;44160;33198;31672;15;50176;64607;76;16384;13216;0
19;2;1;1;1;0;0;0;1;0;0;0;35;232;5;3;2;2;15;0;435;2359467;1;1;1;0;0;1;1;4;0;169;40;22;7289;42111;64063;61727;63631;63965;20481;53485;63430;7717;0
18;3;1;1;1;0;0;0;1;0;0;0;35;127;13545;6;3;2;0;4;45946;4181186235;0;0;0;0;1;1;1;7;140;172;4093;6135;9213;252;45684;64384;42859;30680;53230;64141;65163;29947;0
17;4;1;1;1;0;0;0;1;0;1;1;35;191;12436;7;3;0;7;10;52779;2705049393;0;0;1;1;1;0;0;1;59;11;1023;61804;62765;5106;18786;31396;43791;40734;36839;3058;53524;65047;0
15;6;1;1;1;0;0;0;1;0;1;0;35;9;13768;1;0;1;6;8;2020;940024923;1;0;1;0;1;1;0;1;64;178;32555;65323;16574;19647;3711;12246;34802;33470;65077;65249;23808;56960;0
14;7;1;1;1;0;0;0;1;0;0;0;35;49;35332;0;1;2;13;11;32553;3985011326;0;1;1;1;1;0;0;2;65;114;50654;32077;16226;59638;63819;5378;4341;49010;23840;16489;23407;49582;0
13;0;0;0;0;1;0;0;1;0;0;1;36;176;53717;7;3;3;11;8;12445;3647505104;0;1;0;0;1;1;0;4;207;252;17186;4526;44968;19265;30811;40874;48107;6135;9210;52734;61851;15703;0
12;1;0;0;0;1;0;0;1;0;1;0;36;113;18470;4;1;1;0;11;62360;4183741274;1;1;1;1;1;1;0;2;53;88;6722;2863;5019;3257;12189;64704;19517;57841;254;64391;36010;25692;0
11;2;0;0;0;1;0;0;1;0;1;1;36;138;19917;0;3;1;7;11;36353;274654131;0;0;1;0;1;1;1;1;218;209;34834;47115;42455;51136;46228;34071;11249;23383;1039;48830;30918;31896;0
10;3;0;0;0;1;0;0;1;0;0;0;36;82;23152;6;2;1;4;11;56349;1607497716;1;1;0;1;1;0;0;2;28;144;34230;30530;38079;50505;41768;2451;65216;24865;33457;33317;38291;35479;0
9;4;0;0;0;1;0;0;1;0;0;1;36;231;41767;7;3;1;11;14;7070;3558536719;0;0;1;0;1;0;0;2;159;169;25027;13741;8707;64370;16493;40026;61237;50491;25353;44490;37119;16616;0
8;5;0;0;0;1;0;0;1;0;1;1;36;110;2694;0;0;3;6;3;22515;965858692;0;0;1;0;0;1;0;0;247;60;62195;64434;64484;11694;65260;55422;8168;45025;8698;59371;13209;35168;0
7;6;0;0;0;1;0;0;1;0;1;0;36;0;60955;7;2;3;6;0;21460;2340415713;1;1;0;0;0;0;1;5;143;118;56175;17668;1080;0;0;0;0;0;0;0;0;0;0
6;7;0;0;0;1;0;0;1;0;1;0;36;0;6838;2;3;0;1;1;0;0;0;0;0;0;0;0;0;0;0;0;0;0;32480;19;0;0;0;0;0;24248;61947;0;0
5;0;1;0;0;1;0;0;1;0;0;0;36;0;0;7;1;0;0;0;0;3154922379;1;1;1;1;1;1;1;4;110;124;11425;547;308;29;37;85;64132;80;32;35;8993;56959;0
2;3;1;0;0;1;0;0;1;0;1;0;36;20;63199;6;3;1;5;0;27963;33534182;0;0;0;1;1;1;1;5;70;32;40147;29680;4603;64790;59915;40188;39012;8073;6619;509;29411;15863;0
1;4;1;0;0;1;0;0;1;0;1;0;36;63;42740;7;3;2;12;15;53359;2188991795;1;1;0;0;1;1;1;7;34;249;51179;59387;11953;54869;12684;43091;47337;16517;30701;59704;31277;7650;0
0;5;1;0;0;1;0;0;1;0;0;0;36;108;61651;6;1;2;2;9;50764;1227945599;0;0;0;0;1;0;0;7;162;179;4221;47967;27852;61375;37386;53438;40157;63100;49471;14737;34382;40520;0
22;6;0;1;0;1;0;0;1;0;0;0;37;74;62103;1;1;1;13;2;55224;804829687;0;0;1;0;1;0;1;6;50;231;44794;50674;62414;24603;29199;64732;16580;61580;59398;3769;2908;27147;0
18;2;1;1;0;1;0;0;1;0;0;0;37;0;0;4;3;1;15;0;5808;1703936;0;0;0;0;0;0;0;0;162;192;124;16384;27829;0;0;0;53575;22791;53613;57459;37134;39896;0
15;5;1;1;0;1;0;0;1;0;0;0;37;0;0;0;0;0;0;0;0;26906698;0;1;0;0;0;0;0;1;0;63;56320;48393;222;0;57344;2479;40960;6404;0;0;0;49152;0
14;6;1;1;0;1;0;0;1;0;0;0;37;57;64500;2;0;0;0;0;0;0;0;0;0;0;0;0;0;0;22;200;4;0;0;0;0;32768;44001;57295;31951;28613;59374;5;0
13;7;1;1;0;1;0;0;1;0;1;0;37;100;0;3;0;0;0;0;59;1953521782;1;1;0;0;1;1;0;2;196;127;8767;62051;57519;65079;459;28284;11425;547;570;2;2;3;0
12;0;0;0;1;1;0;0;1;0;1;0;38;2;0;0;0;0;0;0;0;0;1;1;0;1;0;0;0;0;3;130;58624;14522;3976;34816;3535;24064;37464;660;28734;0;0;0;0
11;1;0;0;1;1;0;0;1;0;1;0;38;34;54;4;3;1;14;6;7;850899;0;0;0;0;0;0;0;2;0;5;6;1529;3007;54143;58303;64743;47138;28665;54273;64698;52474;62687;0
10;2;0;0;1;1;0;0;1;0;1;0;38;3;40693;5;0;2;2;8;19965;40000;1;0;1;0;0;1;1;5;0;12;0;0;0;0;0;0;0;0;36864;60556;2501;60553;0
9;3;0;0;1;1;0;0;1;0;1;0;38;128;24232;0;0;0;0;8;32683;11520;0;1;0;0;1;1;1;7;3;1;0;0;0;0;48276;8823;30879;48497;16383;61432;58527;36855;0
8;4;0;0;1;1;0;0;1;0;1;0;38;124;6;1;2;0;0;0;2;2042623615;1;0;1;1;1;1;1;7;254;174;35802;61430;99;64611;64599;65508;12176;30707;4858;56124;30095;16378;0
7;5;0;0;1;1;0;0;1;0;1;1;38;155;32447;7;0;3;13;7;4691;1903745758;0;0;0;1;1;0;0;7;240;27;64083;9283;44754;29751;44638;22239;63927;52037;62452;62457;57444;12663;0
6;6;0;0;1;1;0;0;1;0;1;0;38;146;59037;1;2;0;3;14;2158;4251221166;1;1;1;1;0;0;0;3;31;242;5682;35582;63604;34676;28314;3211;35612;64196;60288;21982;9353;33314;0
5;7;0;0;1;1;0;0;1;0;0;0;38;2;11468;0;0;0;0;0;0;0;0;0;0;0;0;0;0;0;128;0;3876;32768;48020;10240;849;32768;63037;0;0;0;20480;3499;0
4;0;1;0;1;1;0;0;1;0;0;0;38;0;7854;0;0;0;14;15;573;131074;1;1;1;0;1;1;1;7;0;5;3;6;1303;0;0;0;0;0;0;0;0;0;0
3;1;1;0;1;1;0;0;1;0;0;0;38;225;57242;0;0;0;0;0;0;0;0;0;0;0;0;0;0;0;0;0;5120;792;8704;53335;28096;58746;65493;32722;45929;48923;24450;12279;0
2;2;1;0;1;1;0;0;1;0;1;0;38;35;11;3;1;0;0;0;0;0;1;0;1;0;1;0;0;4;0;7;55296;3477;0;0;0;0;0;0;0;43312;30;50800;0
1;3;1;0;1;1;0;0;1;0;0;0;38;85;35968;3;0;3;5;8;44545;222121632;1;1;1;0;0;0;0;6;6;2;40960;10862;0;57344;16710;54134;36707;4018;10153;0;65528;28284;0
0;4;1;0;1;1;0;0;1;0;0;0;38;2;8;5;0;0;0;0;104;0;1;0;0;0;0;0;0;0;176;95;6210;0;0;0;0;0;20480;62641;51341;50984;24218;53247;0
31;4;1;0;1;1;0;0;1;0;1;0;38;0;0;4;0;0;0;0;9342;52232192;0;0;0;0;0;0;0;0;0;0;27400;16393;9332;54596;62119;65171;59841;32377;49081;24468;14;32377;0
30;5;1;0;1;1;0;0;1;0;1;0;38;255;511;7;1;3;2;0;4847;16646399;0;0;0;0;0;0;1;7;1;239;255;255;8703;253;495;253;255;255;253;251;127;255;0
